customer_id,customer_name,customer_email,customer_address
1,Ryan Hubbard,kellytoni@sanchez-salas.com,"176 Long Keys Apt. 905
Frazierburgh, NV 37529"
2,Jason Sherman,georgechristina@davis.com,"472 Mary Villages Suite 888
East Zacharyland, VA 99717"
3,Kimberly Howard,ashleywilliams@thompson.biz,"126 Michelle Parkways
Joshuahaven, MI 87974"
4,Christopher Warren,hardyjoshua@hotmail.com,"311 Odonnell Square
Blackburnside, OK 54857"
5,Valerie Taylor,johnsonamanda@gmail.com,"26100 Smith Heights Suite 402
West Jonathan, HI 66473"
6,James Duke,adam87@yahoo.com,"0841 Baldwin Canyon
Hardyborough, SC 16118"
7,Ashley Ball,ericksonjennifer@yahoo.com,"0359 Joseph Mountain Apt. 604
Khanhaven, DC 94696"
8,Scott Coleman,laurie22@hotmail.com,"38673 Madison Junctions
South Jillland, SC 72901"
9,Jane Wright,anthonychapman@gmail.com,"38536 Stephen Grove Apt. 654
East Erinbury, SC 47482"
10,Mr. Jason Williams,mtownsend@yahoo.com,"7812 Austin Station
Yolandaburgh, WV 09340"
11,Brandon Gonzales,fischerkeith@yahoo.com,"964 Gutierrez Burgs Suite 286
West Jenniferstad, NV 78710"
12,Billy Stone,joseschultz@hotmail.com,"4350 Reed Turnpike
Lake Leviside, TN 98258"
13,Erin Nixon,howelllindsey@deleon.com,"66744 Boyle Stream
Dawnbury, SC 47677"
14,David Cowan,wrightsarah@yahoo.com,"3662 Harris Circle
Port Suzanneside, WY 17488"
15,Brittany Pena,kevingomez@yahoo.com,"607 Maria Viaduct
Danielsfurt, CA 62568"
16,Joseph Miller,tchang@yahoo.com,"298 Huerta Via Apt. 257
Brianburgh, GA 60832"
17,Christopher Kelly,halljason@gmail.com,"USCGC Sanchez
FPO AP 62627"
18,Crystal Stone,arellanoderrick@yahoo.com,"7970 Shaw Rest Suite 826
Douglaschester, SD 78540"
19,Meredith Williams,spearselizabeth@yahoo.com,"619 Danielle Turnpike Apt. 453
Millermouth, MI 15485"
20,David Hughes,qblair@gmail.com,"903 Brittney Shore
West Stevenstad, IN 79819"
21,Melissa Richardson,lmorales@yahoo.com,"619 Duncan Stream Apt. 031
Noahhaven, DE 03126"
22,Jessica Alvarez,lgeorge@yahoo.com,"14702 Faith Villages
Jasonshire, DC 74370"
23,Charles Fisher,paul81@white.info,"36202 Catherine Inlet
Wendystad, MT 89604"
24,Brandon Floyd,michaelburnett@hotmail.com,"9515 Timothy Fords Apt. 349
Myersview, MD 27306"
25,Jeremy Young,mcdanieltammie@hotmail.com,"48592 Andrews Port
New Joel, KY 56161"
26,David Wallace,nicolefrederick@campbell.biz,"11982 Matthew Springs
Michaelfurt, WA 40409"
27,Curtis Miller,michaelsmith@gray.org,"866 Vicki Trace Apt. 417
West Johnburgh, DE 94455"
28,Veronica Brown,morgan37@gmail.com,"0871 Brian Garden
Justinmouth, TN 54480"
29,Mr. Keith Wilson MD,uguzman@cox.biz,"9507 Lane Isle Apt. 585
North Samantha, VT 64052"
30,Alicia Holder,petermiller@yahoo.com,"04908 Smith Street Apt. 904
Port Brooke, IA 30835"
31,Juan Rhodes,turnerjessica@tyler-allen.info,"3520 Mccormick Cliffs Apt. 524
Schwartzhaven, AK 32097"
32,Gregory Allen DDS,pdavis@gmail.com,"46047 Harrison Fork
South Timothyfort, NC 78786"
33,James Lee,eholder@green-robinson.com,"643 Pena Skyway
Lake Gabrielside, TN 03181"
34,Jasmine Madden,jasongarcia@morse.com,"75145 Wilson Fort
Millerfurt, FL 43665"
35,Stephen Doyle,qashley@farrell.com,"2406 Deanna Pike Suite 607
Ashleyborough, AL 23128"
36,Jonathan Williams,trevorchang@wright.biz,"7992 Howard Wall
East Ryanview, OK 53805"
37,Tara Davis,dmoore@freeman.com,"PSC 4645, Box 6644
APO AA 46271"
38,Darryl Allen,clarkjoel@rogers.com,"178 Paul Knolls Suite 036
West Hannah, MO 42949"
39,William Mccoy,dianahaney@murphy-schneider.info,"031 Steven Spurs Apt. 993
Austinport, MS 08790"
40,Cody Schmidt,kimberly52@yahoo.com,"Unit 3468 Box 0507
DPO AA 85744"
41,Thomas Robinson,perezjacob@yahoo.com,"Unit 2316 Box 5156
DPO AE 35192"
42,Valerie Alvarez,robertwise@gmail.com,"9650 Shaw Villages Apt. 260
Port Markfort, VT 68866"
43,Lauren Sexton,lcain@nash.biz,"454 Wong Pines Suite 971
West Ryantown, NH 05989"
44,Jerry Williams,carol00@lawson-ray.biz,"5406 Sylvia Stream
North Sarah, KY 79288"
45,Don Small,thomas01@simpson-smith.org,"913 Miller Stream
New Matthew, OR 99636"
46,Juan Tucker,lewissonya@alvarez.org,"66777 Jones Canyon Apt. 880
Westburgh, RI 42253"
47,Timothy Knight,greenalexandra@hotmail.com,"652 Mendoza Centers Suite 765
Chenton, MS 61048"
48,Alexandria Solis,matthewhooper@yahoo.com,"14504 Randall Shoal Suite 385
Adamsmouth, NH 23599"
49,Nathan Wade,alexanderdavid@gmail.com,"418 Singleton Haven
Lake Dale, NH 91884"
50,Brandon Williams,alyssa71@mason-white.com,"9035 Lloyd Stravenue Suite 638
New Ashleyborough, NM 05066"
51,Holly Burnett,blakeandrew@ramirez-walker.com,"22694 Leon Trail
Maysville, NM 41358"
52,Jack Campbell,jason64@yahoo.com,"816 Timothy Forges Apt. 715
Perryview, NE 08519"
53,David Collins,connerkimberly@webster.com,"22132 Carroll Tunnel
Lake Brian, NY 72223"
54,Paul Kim,shawn53@gmail.com,"1831 Christopher Junctions
Justinville, NV 93586"
55,Deanna Phillips,jennifer80@gmail.com,"6075 Garner Walks
New David, KS 01539"
56,Zachary Fowler,adkinsdavid@hotmail.com,"84523 Patricia Haven
Lake Patricia, MN 11816"
57,Lance Graves,alexanderbrown@yahoo.com,"4615 Justin Plain Suite 335
West Todd, IL 42197"
58,Tammy Aguilar,harrisjanet@gray-ponce.info,"2471 Anderson Tunnel
Brandonburgh, VA 13055"
59,Norman Bell,amanda74@yahoo.com,"23683 Hampton Loaf
East Jotown, OH 44315"
60,Jenna Edwards,rwilliams@maxwell-miller.info,"22131 Patrick Center Suite 339
New Sarahland, IN 85040"
61,Donald Guerra,katherine46@dixon-lewis.com,"934 Kemp Glens Apt. 279
Yeseniafurt, MD 00676"
62,Erin Tran,barnesrachel@fields.com,"68791 Zachary Turnpike Suite 594
Aliciaton, NC 27742"
63,Katherine Williams,rodney37@mayo.net,"791 Brown Trail
Robertland, DE 68222"
64,Thomas Hampton,acarter@hancock.com,"Unit 9746 Box 9381
DPO AA 19137"
65,Jeffrey Hampton,elizabeth00@conrad.com,"697 Patterson Plains
Wadeside, NV 43021"
66,Anna Parsons,bradley35@gmail.com,"240 Wright Stream
Harveybury, ND 81251"
67,Jeffrey Stevens,susanmiller@williams.com,"8784 Flores Stream
Johnmouth, NC 96007"
68,Charles Watson,joseph83@schmidt.net,"99517 Harrison Parks Apt. 265
Goodwinside, SC 43491"
69,Adam Flores,brendasmith@cross.com,"28201 John Crest Apt. 550
Andrewburgh, ND 81500"
70,Lauren Martin,dariusgray@yahoo.com,"4973 Susan Spring Suite 382
Port Angelaport, CO 53923"
71,Jerry Mcintosh,taylorelizabeth@mitchell.com,"4801 Joseph Cove Suite 729
Princeshire, TX 39236"
72,Todd Allen,weeksfrank@gmail.com,"955 Miller Rapids
New Seanbury, VA 60955"
73,Tiffany Lee,hendersoncraig@hotmail.com,"04873 Bradley Prairie
New Brittneyside, CA 80517"
74,Amanda King,timothy17@dawson.com,"592 Harold Harbors
Kennethland, FL 13090"
75,Tiffany Barry,abbottdaniel@yahoo.com,"55139 Melanie Port Suite 659
West Crystalmouth, AZ 80635"
76,Anthony Patrick,lmassey@yahoo.com,"583 Ward Shoal
Port Julia, AK 28666"
77,Stacey Garcia,mendozajill@vasquez.biz,"3463 Jose Plaza
New Alyssa, AR 41806"
78,Shaun Robertson,nicolasjohnston@yahoo.com,"USCGC Fernandez
FPO AE 65327"
79,Nicholas Pratt,jmaynard@walker-schmidt.com,"PSC 3602, Box 5336
APO AP 79246"
80,Briana Hardy,millercarolyn@hotmail.com,"205 Johnson Path
West Kristineton, NY 52942"
81,Christian Burke,robertspence@hotmail.com,"8624 Zachary Plain Suite 776
Lake Rebecca, IN 46718"
82,Andrew Rasmussen,anthony42@delacruz-rose.com,"875 Heather Mission
Carrieport, MD 68502"
83,Vickie Sanchez,stanleymedina@yahoo.com,"1000 Susan Streets Suite 070
Garrettfort, KS 34725"
84,Robert Pratt,morriscrystal@gmail.com,"2252 Paul Terrace Suite 826
New Tonyabury, NV 69428"
85,Heather Moreno,julie68@gmail.com,"905 Christina Meadows
New John, MN 40849"
86,Christine Barnes,crosserin@yahoo.com,"PSC 1588, Box 8496
APO AE 27639"
87,Dennis Pierce,davidreynolds@yahoo.com,"7227 Adrian Dale
North Jeffreyport, AR 60877"
88,Joshua Branch DDS,lindalyons@miller.com,"559 Jackson Estate
North Anthonytown, OR 96612"
89,Samantha Parker,melaniehall@yahoo.com,"36361 Brandi Inlet
Port Tylerside, RI 92591"
90,John Long,bonnie80@wilson.com,"85737 Boyer Heights
Patriciashire, NJ 33071"
91,Jaime Kelly,rodriguezjames@jackson-huynh.com,"8136 Young Pike
East Jamesmouth, VT 79100"
92,Cassandra Matthews,nancyconrad@yahoo.com,"3016 Clark Field Apt. 214
Robertchester, SC 39560"
93,Keith Palmer,jessica55@gmail.com,"30741 Tina Glens
Port Ashleyberg, RI 24282"
94,Logan Sparks,brownbenjamin@hotmail.com,"8655 Chad Harbor Suite 863
Michaelbury, MD 84014"
95,Steven Bryant,johnsonangela@gmail.com,"22494 Wesley Rue Suite 824
Justinbury, NY 56571"
96,Rhonda Davidson,wjackson@hotmail.com,"14741 Hale Field
Port Maryberg, AL 61772"
97,Victoria Thomas,matthewramos@hotmail.com,"1946 Garcia Branch
Butlerview, SC 04245"
98,Olivia Martin,vmills@reese.org,"87061 Abigail Squares
Courtneymouth, ND 41487"
99,Gregory Ortega,garciajeffrey@conway.com,"3824 Michael Ridge Suite 071
Kaneton, FL 18823"
100,Michael Evans,samuel53@gmail.com,"42383 Gregory Ford
Johnsonport, TN 92560"
101,Lorraine Miller,jackcolon@barker.biz,"9768 Bell Well Apt. 588
West Deniseside, NV 33200"
102,Kevin Welch,williamskathleen@hotmail.com,"99017 Holmes Station
Sandramouth, MO 75433"
103,Michael Jackson,acostatheresa@stewart-dunn.net,"88726 Bryan Stream Apt. 573
New Ericaville, AK 74192"
104,Mr. Robert Harris,athomas@hotmail.com,"2031 Shelia Heights
Port Timothy, DC 76881"
105,Mark Miller,ograham@gmail.com,"7182 James Springs
South Rachel, OK 31852"
106,David Bernard,katherinesmith@lopez.net,"392 Smith Alley
Port Mitchellland, VA 42005"
107,Stephanie Vega,elizabeth20@yahoo.com,"46628 Kayla Village Suite 423
Deckerberg, HI 11450"
108,Jacob Torres,marcus08@gmail.com,"2948 Salazar Harbor Apt. 394
Jasonchester, ID 81128"
109,Alexander Tucker,davisdawn@robinson.com,"41534 Rivera Roads
North Raymond, MN 39261"
110,Lucas Vazquez,xwolf@carter.biz,"107 Rachel Throughway Apt. 791
Johnsonstad, MA 86830"
111,Daniel Johnson,krogers@rodriguez-morales.com,"964 Nicole Bypass
Nelsonberg, NV 26437"
112,Christopher Santiago,darren51@fisher.com,"9835 Kylie Coves Apt. 577
Amandaside, MA 86935"
113,Jesse Hopkins,jose22@estrada.com,"756 Miller Shoals Suite 721
New Carlville, DE 29749"
114,Veronica Rodriguez,jcross@martin.com,"6387 James Passage Suite 601
North Eugenefurt, ME 64333"
115,Jasmine Shah,sydneyyoung@yahoo.com,"17319 Shelly Mall
Lake Cory, WI 65622"
116,James Fritz,ngarcia@woods.org,"402 Martinez Rapid
West Abigail, NC 47562"
117,Kristi Clark,marvin01@yahoo.com,"826 Patel Ville Apt. 581
Smithport, IA 68670"
118,Jill Kelly,kpowell@gmail.com,"556 James Locks
Davidbury, WI 04735"
119,Pedro Jackson,vstevens@jackson-kent.biz,"USCGC Torres
FPO AA 57343"
120,Alyssa Mendoza,jenniferhernandez@moore.biz,"USS Long
FPO AA 80818"
121,Nathan Rice,carol26@hotmail.com,"892 Reilly Burgs Suite 277
North Luisfort, AR 50324"
122,Mark Matthews,wtorres@knight.com,"090 Castillo Neck
Lake Robert, AK 89326"
123,Melissa Davila,jasminerodriguez@gmail.com,"108 Charles Path Apt. 414
North Kristin, ME 99273"
124,Miranda Smith,wpatterson@hotmail.com,"2129 Lisa Road Apt. 521
Torresbury, AK 11302"
125,Dr. Sandra Martin,ogarcia@case.com,"USNV Jimenez
FPO AA 73522"
126,Diane Payne,bryanshawn@adkins-weber.com,"5790 Brenda Island Apt. 238
Jonesburgh, UT 10247"
127,Gregory Dean,hallleah@duffy-white.org,"98879 Ramirez Trail Suite 545
Lake Jessefort, MS 90010"
128,Robert Snow,johnstracy@hotmail.com,"165 Katherine Centers
East Kristen, UT 56681"
129,Christian Allen,chad17@foster.net,"873 Blackwell Springs Apt. 933
East Melissa, IA 52810"
130,Michael Johnson,vazqueznatasha@gmail.com,"57350 Sally Gardens
East Tony, WA 28374"
131,Jennifer Holder,maxwell56@tapia.com,"46077 Frazier Vista Apt. 962
North Brucefurt, NJ 15200"
132,Patricia Morales,jeanramirez@yahoo.com,"1205 Todd Rapid Apt. 673
Hernandezhaven, NC 31738"
133,Sandra Bradley,usheppard@gmail.com,"952 Smith Lane
Derrickberg, TN 79056"
134,Brenda Smith,peggy95@stone-byrd.org,"0280 Rebecca Forest
New Lori, MI 81414"
135,Nathan Jensen,ibutler@gmail.com,"594 Curtis Rapid
Douglaschester, SC 66683"
136,Ashley Johnson,stephen68@martin.com,"038 Thomas Curve Suite 264
Lake Brandonstad, OH 21666"
137,Dr. Richard Thomas,mhansen@tanner.net,"30401 Serrano Highway
Victoriafort, ME 02900"
138,Justin Harris,ryan46@hotmail.com,"14942 Taylor Lake Apt. 955
Montesfurt, NC 00725"
139,Lindsay Sanchez,blackerica@yahoo.com,"184 Shawn Fords Suite 612
Caitlinhaven, VT 09150"
140,Monica Sellers,joel65@hotmail.com,"730 Walter Garden Apt. 649
Angelaland, CO 65882"
141,Mr. Darryl Harmon DVM,johnsonelizabeth@brewer.biz,"323 Kim Locks Suite 965
Christinaborough, OH 00732"
142,Daniel Moyer,williamsjuan@lewis.com,"203 Tammy Fords
Lake Melissatown, IL 60452"
143,Sean Payne,davidvelasquez@gmail.com,"379 Brian Bypass Suite 375
Steelefurt, UT 62601"
144,James Perez,sleonard@yahoo.com,"90835 Joseph Trafficway
New Cassandra, TN 03640"
145,Rebecca Day,jperez@hotmail.com,"PSC 8277, Box 0363
APO AA 11430"
146,Beth Lopez,shelbylynch@kidd-lane.com,"87755 Gomez Tunnel Apt. 581
Lake Steventown, NY 03624"
147,Tanya Wagner,hgonzalez@wallace.com,"3045 Holly Ports
New David, DE 56880"
148,Katherine Rivera,grahamjacqueline@chandler.com,"61808 Dana Crossing Apt. 089
Lake Sheriton, MS 04344"
149,Ashley Dillon,alexandrale@cruz-johnson.org,"82310 Huang Track Suite 809
Allenburgh, MS 35905"
150,Catherine Bishop MD,bryan00@davis.biz,"5792 Lindsey Mountains Suite 358
Catherineland, MS 39445"
151,Lee Hester,tina72@taylor.biz,"USS Cline
FPO AP 15388"
152,Jamie Franklin,singhdavid@gmail.com,"765 Pamela Flat
Port Kathybury, ND 59968"
153,Katherine Baker,jsuarez@hotmail.com,"510 Bryant Parks Apt. 574
West Rachelhaven, TN 81767"
154,Kyle Williams,robinnewton@le.com,"6350 Richard Plains Apt. 106
West Ashley, NV 43622"
155,Mercedes Hill,huberdanielle@gmail.com,"23815 Molina Plain
East Brittney, NY 48930"
156,Christian Gutierrez,delgadojennifer@holland-bauer.com,"555 Stein Street Apt. 265
North Jasonfurt, DE 54335"
157,Alejandro Porter,idavis@montoya.com,"Unit 0626 Box 8448
DPO AP 82482"
158,Mary Phillips,erik03@hotmail.com,"546 Dawn Manor Suite 035
Aprilfort, MO 77038"
159,Donna Bryant,fthornton@hardy.org,"3926 Mason Row Suite 011
Lake Heatherfurt, AL 08059"
160,Michael Montoya,newtonkristy@ramirez-martin.com,"7356 Peter Land
Zimmermanburgh, SC 21201"
161,Melissa Bishop,jessicamiller@campbell.net,"844 Veronica Greens
West Tammy, WI 63075"
162,Catherine Ruiz,martinezangela@yahoo.com,"45366 Justin Garden
East Tamarachester, CO 78935"
163,Matthew White,spencerjamie@yahoo.com,"65303 Meyer Street
New Chris, OK 91525"
164,Jason Gonzalez,mbeasley@hotmail.com,"89186 Gregory Falls
Richardsonstad, AR 13519"
165,Christina Thornton,martinezkenneth@gmail.com,"723 Richards Square
Lake Rebeccaview, CA 05994"
166,Cynthia King,baileycollins@gmail.com,"911 Parks Parkway
West Jessicachester, GA 92203"
167,Phillip Reed,ryanbradley@chambers.biz,"74190 Dominguez Parkway Suite 010
New Danielside, TX 36414"
168,Nicholas Martin,warrenjulia@gmail.com,"7124 Mark Cape
Harperfort, GA 95968"
169,Kevin Reed,edavis@gomez.com,"742 Rachel Mews
West Danaview, IN 77287"
170,Robert Obrien,patricia98@yahoo.com,"951 Michael Divide
Katieberg, NV 36528"
171,Connor Stevens,stephanie34@yahoo.com,"706 Holly Valleys Suite 155
East Ronald, MI 87735"
172,Vanessa Hicks,cynthiadaugherty@gmail.com,"80955 Anderson Fall Suite 081
North Valerieport, WI 85066"
173,Lisa Sutton,joshuawallace@yahoo.com,"7096 Hall Ridge Apt. 011
West Jane, UT 06922"
174,John Lara,andrewssarah@yahoo.com,"200 Jennifer Bridge Suite 852
Longton, CT 60865"
175,Adam Ali,tara79@yahoo.com,"49324 Turner Walks Apt. 112
West Jonathanton, NY 19408"
176,Christina Blankenship,aarmstrong@williams-cline.com,"6324 Reese Greens
New Catherine, OK 90553"
177,Sharon Mcdonald,qbell@sloan-carpenter.com,"8591 Fox Rue
Smithshire, CT 30890"
178,Deborah Martinez,brittney79@gmail.com,"PSC 8028, Box 7229
APO AE 44604"
179,Chelsea Riggs,gina65@yahoo.com,"57881 Monica Grove
Joshuaville, ND 41683"
180,Shane Cooper,bensonanthony@hotmail.com,"62608 Sylvia Bridge
West Jamesville, WI 59463"
181,Victoria Nixon,lindawarner@edwards.com,"USNV Smith
FPO AP 02284"
182,Regina Wilson,laurenturner@yahoo.com,"4459 Everett Place Apt. 266
New Matthew, NY 04944"
183,Anthony Jackson,kellyjoshua@hotmail.com,"5275 Kevin Manors Apt. 000
Ronaldbury, TX 35152"
184,Courtney Lane,amandataylor@anderson-white.info,"0864 Townsend Forest Apt. 136
New Matthewtown, MA 63826"
185,Jeffery Good,tiffany29@cox-carpenter.com,"86698 Rivera Shores Suite 870
Nealbury, HI 79209"
186,Kathleen Swanson,bentleymichelle@hernandez.org,"85533 Cowan Islands
Calebville, OR 41223"
187,Katelyn Huang,williamhorn@davis.com,"6083 Garcia Creek Apt. 685
Anitamouth, MI 76432"
188,Peggy Rhodes,thicks@lyons.net,"9822 Hoffman Roads Apt. 438
Thomasport, NY 23353"
189,Travis Sanford,jeffrey09@smith-golden.com,"9618 Gary Brook Suite 580
Tylerberg, ME 11788"
190,Darin Johnson,dodsonlindsay@graham.info,"85901 Lopez Union
Johnsontown, CO 63207"
191,Timothy Scott,michaelbowman@hotmail.com,"293 Meghan River
Underwoodtown, CO 44999"
192,Jaime Baldwin DVM,teresaortiz@shelton.info,"0919 Wood Field
Port Davidmouth, MO 44878"
193,Michael Wright,omar48@gmail.com,"6865 Kelli Locks
Jeffreyview, IL 60999"
194,Kevin Walters,ocaldwell@hotmail.com,"10752 Hernandez Bypass
North Meganhaven, NY 70727"
195,Margaret Moss,ojones@yahoo.com,"834 David Locks Suite 112
Kylebury, VT 50400"
196,Cassandra Benson,clarkbrian@hotmail.com,"85763 Sean Radial Apt. 395
Hansenmouth, NJ 66686"
197,Heather Taylor,browntyler@yahoo.com,"78957 Amanda Meadows
West Sarahborough, AL 76609"
198,Kyle Silva,victoria77@walker-dorsey.com,"2950 Francis Pines
South Troy, WV 23017"
199,Tammy Harris,wilcoxfranklin@gmail.com,"PSC 6089, Box 8575
APO AA 06321"
200,Craig Flores,robert09@hotmail.com,"PSC 0145, Box 3740
APO AE 11238"
201,Ann Smith,william49@yahoo.com,"8105 Brittany Garden Apt. 151
New Ashleymouth, NV 95155"
202,Robin Everett,jaredhawkins@gmail.com,"062 Miguel Shore
Stephenport, IN 27412"
203,Matthew Nelson,myersmary@ramos-martinez.com,"251 Kirby Run Apt. 840
Hubbardberg, AZ 77652"
204,Karl Mcgee,robert45@yahoo.com,"69787 Roy Ridges Suite 469
South Taylor, MA 82251"
205,Danielle Diaz,abigail14@hotmail.com,"73542 Miller Plains
Payneshire, AZ 15166"
206,Philip Bennett,nmason@yahoo.com,"047 Thomas Ridges
New Jennifer, UT 90370"
207,Jennifer Hart,sbyrd@hotmail.com,"3714 Greer Camp
Martintown, DE 35089"
208,Pamela Lee,zmartin@gmail.com,"7719 Sarah Way
Lake Raymond, WA 66654"
209,Alexandra Williams,tannerchristina@hall-gross.com,"065 Gerald Manors Suite 889
North Williamfurt, MD 36241"
210,Paige Young,shermansabrina@garcia.com,"229 Phillip Drives
South Donnamouth, SD 13395"
211,Carrie Bullock,blankenshipashley@jones.net,"32268 Rodriguez Isle Apt. 160
East Jacquelineside, NH 88165"
212,Ebony Wells,mariah99@robinson.com,"675 Harris Road Apt. 013
Wilsonstad, IA 18167"
213,Kevin Haney,stephenchoi@allen.net,"4693 Lewis Canyon Apt. 048
Michelleview, MT 52602"
214,Alyssa Brown,matthewshenry@gmail.com,"04788 Arthur Vista
Porterburgh, CT 74956"
215,Richard Walker,troy81@mason-simpson.com,"USNV White
FPO AA 46715"
216,Courtney Soto,johnathan52@perry-bennett.com,"526 Vickie Mill
West Rebeccashire, AK 69746"
217,Michael Juarez,ocook@hotmail.com,"41924 Julie Ville Apt. 108
Lake Dylanton, NE 96848"
218,Daniel Flores,egrant@gonzalez.com,"3186 Jerry Street
Lake Renee, LA 81693"
219,Isaac Ramirez,jessica68@espinoza-winters.info,"915 Keith Run
Brandiborough, OH 97753"
220,Gina Schultz,rjohnson@yahoo.com,"USS Reed
FPO AA 07152"
221,Robert Patterson,jonesbarbara@rodriguez.com,"78740 Jennifer Radial Suite 850
Johnville, NM 82644"
222,Michael Schmidt,andersonkarla@hotmail.com,"PSC 9053, Box 4657
APO AE 90995"
223,Amy Andrews,wjohnson@gmail.com,"USS Schmidt
FPO AA 02306"
224,Michael Dunlap,connie26@hotmail.com,"450 Valerie Pass Suite 703
North Christopher, CA 35573"
225,Kristen Brewer,wrightroberto@yahoo.com,"8751 Matthew Junctions
New Davidfort, NV 45099"
226,Linda Montgomery,gmelton@hotmail.com,"121 Lee Ways Apt. 033
North Jeffreymouth, MO 55612"
227,Ricky Williams,daniel39@peterson.net,"2533 Hernandez Well Suite 904
Stevenmouth, FL 13717"
228,Gina Gonzalez,garymiles@jackson-martin.com,"4747 Peters Turnpike Suite 610
Grayshire, AZ 67701"
229,Thomas Smith,pattersonjessica@gmail.com,"69670 Anderson Unions
Lake Davidstad, WY 25140"
230,Robert Ramsey,onewton@yahoo.com,"81433 Connor Plaza
Port Carolynville, NH 16412"
231,Charles Hughes,coxnicole@hotmail.com,"USCGC Allen
FPO AE 01194"
232,Patricia Beasley,iphillips@jackson.org,"USCGC Hernandez
FPO AA 21403"
233,Lawrence Duncan,michaelavila@hotmail.com,"65140 Melissa Meadow
Robertbury, AR 93593"
234,Gary Bailey,craigmiles@gmail.com,"0865 Decker Creek Suite 577
North Brentborough, NH 72926"
235,Charles Hanson,fisherjoseph@hotmail.com,"514 Silva Circles Apt. 447
East Mary, MI 83385"
236,Brooke Harrell,ereyes@hotmail.com,"934 Nichols Overpass
North Lindastad, MO 92197"
237,Cynthia Harrison,reyesdanny@yahoo.com,"394 Clark Trace Suite 843
Marytown, ID 99763"
238,Joseph Holder,stephenbuchanan@gmail.com,"3216 Douglas Grove
West Aaron, CO 36888"
239,Matthew Stokes,vhernandez@hotmail.com,"9921 Mary Green
Christopherberg, TN 44852"
240,Pamela Holden,michaelortega@gmail.com,"0326 Smith Neck Apt. 490
Christopherfort, RI 62441"
241,James Wilson,brooksmichael@garrett.info,"6069 Webb Union
Cartermouth, DE 83000"
242,Jared Hoffman,gsandoval@gmail.com,"87383 Sandy Mews Apt. 421
Port Davidburgh, WI 72554"
243,Jordan Woods,tiffanyjohnson@rodriguez.com,"Unit 1638 Box 8889
DPO AA 76053"
244,Kevin Griffith,osanchez@yahoo.com,"35686 Lutz Forges Apt. 299
North Patrickmouth, WA 61492"
245,Jean Scott,kimberlyturner@gibson.net,"04194 Cochran Shore Suite 756
East Joanland, DC 77401"
246,Joann Phillips,amy64@vazquez-gonzalez.org,"57897 Peggy Plains
Thomasfort, WV 51654"
247,Michael Arroyo,jenkinsjohn@hahn.com,"USCGC Hubbard
FPO AE 08797"
248,Dustin Morris,nicolemoreno@hotmail.com,"9767 Baldwin Rapid Apt. 207
West Lindsay, NE 20766"
249,Jessica Miller,jonathan86@yahoo.com,"865 Williams Pike
Port Debramouth, KY 17693"
250,Parker Jennings,crystal09@valdez.com,"4587 Wood Estate
East Jeff, KY 37374"
251,Casey Edwards,flemingkelsey@mendoza-blevins.com,"6623 Jonathan Trail
Robinsonchester, OR 07997"
252,Cory Nguyen,brooksshawn@yahoo.com,"720 Poole Shore Suite 947
Wrightton, DC 84712"
253,Patrick Moore,evansmichael@yahoo.com,"877 Karen Road Apt. 531
Marshburgh, AR 59867"
254,Shaun Dickerson,dennis42@evans-hood.org,"3034 Kimberly Glen
Ellisonville, ID 91198"
255,Kevin Edwards,monteskristy@rodgers-mitchell.info,"2657 Emily Neck
Ayalaside, MO 87019"
256,Denise Davis,benjamin97@gmail.com,"046 White Bridge Suite 467
New Brianna, MS 38643"
257,Eric Doyle,daltonboyd@yahoo.com,"80012 Jessica Harbor Apt. 139
Greenland, SC 90960"
258,Michelle Price,jonesnathan@gmail.com,"832 Timothy Circles
Weberborough, WI 86314"
259,Anthony Young,carterdonna@gmail.com,"182 Smith Camp Suite 081
Dannyberg, FL 45464"
260,April Wilson,walkerscott@stein.net,"10200 James Station
Carlosview, HI 19987"
261,Bryan Johnson,hlee@carter.net,"3339 Joseph Mountains Apt. 137
South Jenniferton, AR 27151"
262,Elizabeth Sanchez,phillipstimothy@bass.info,"067 Timothy Streets
Smithchester, UT 96640"
263,Juan Collins,ramoskaren@yahoo.com,"997 Alvarez Valley
New Alexischester, AK 23717"
264,Kimberly Kennedy,nwilson@rogers-campbell.net,"158 Molly Groves Apt. 177
Gonzalezmouth, RI 63144"
265,Briana Velazquez,kdavis@gmail.com,"372 Rodgers Avenue Apt. 975
New Donnaborough, MO 44296"
266,Aaron Hernandez,maryturner@cox.org,"5946 Murray Fords
Lake Richard, VT 70186"
267,Diana Phillips,millerbruce@yahoo.com,"88409 Frank Shoals Suite 634
Kellerport, AR 73723"
268,Nicholas Vaughn,andersonnancy@hotmail.com,"594 Cameron Viaduct Suite 174
West Cindy, NV 80953"
269,Shannon Flores,palmerstephanie@gmail.com,"425 Barrett Flats
West Kylefurt, AZ 60156"
270,Stacey Parker,william18@hotmail.com,"5466 Palmer Stravenue Apt. 933
Lake Garymouth, IA 42569"
271,Gregory Sampson,carol33@gmail.com,"PSC 6746, Box 7285
APO AE 64221"
272,Scott Macdonald,parksjennifer@yahoo.com,"92055 Campbell Circle
West Jason, DE 47508"
273,Angelica Cole,vhowell@moore.com,"50319 Sean Divide Suite 441
Michaelmouth, MN 79189"
274,Danielle Sanchez,woodshane@gmail.com,"52501 Cody Mill
Hurstchester, GA 43718"
275,Julie Huynh,evansjennifer@yahoo.com,"18589 Ortiz Ports
Gailmouth, SD 28519"
276,Charles Harris,astafford@rojas.com,"50789 Curry Estates Suite 537
Sandovalview, LA 39141"
277,Kathryn Sanchez MD,catherinethomas@rosales-davis.com,"44136 John Lane Apt. 906
Derrickhaven, CO 69153"
278,Thomas Cordova,tristan40@ritter.com,"19380 Gina Ways
Tammyberg, AR 06259"
279,Jerry Thomas,mwhite@hotmail.com,"780 Hardin Neck
South Vincent, MA 75173"
280,Michael King,dryan@johns.biz,"6735 Vasquez Parkways Suite 021
Lake James, MT 41327"
281,David Wagner,brownloretta@gmail.com,"1524 Wallace Bypass
Rodneyhaven, OH 19704"
282,Trevor Mcfarland,brownallison@ford.com,"655 Derek Row
Port Nicolefurt, AR 71818"
283,Tanya Larson,stevenclark@hotmail.com,"Unit 8092 Box 0562
DPO AE 39468"
284,Maureen Alvarado,byoung@yahoo.com,"94421 Salinas Gateway
North Karenport, DE 19942"
285,Elizabeth Cox,justinserrano@yahoo.com,"3995 Ricardo Walks Suite 443
Robbinsmouth, MN 34772"
286,Wendy Jones,rachelcarroll@yahoo.com,"14164 Elizabeth Estate
North Samantha, UT 63421"
287,Casey Dalton,stacey12@hotmail.com,"14427 Wilson Stream
Lake Emma, IA 11409"
288,Alexander Lane DDS,barneserin@yahoo.com,"509 Duffy Greens
Port Andrea, DC 87991"
289,Justin Martin,brianwest@thomas.org,"3998 Jenny Court Apt. 040
Shannonberg, MI 34484"
290,Amber Jenkins,lopezjon@graves.org,"771 Anthony Route Apt. 709
North Bobby, ID 70226"
291,Ann Bowen,darrell42@gomez.com,"5441 Michelle Cove Apt. 580
New Sabrinaville, TX 50959"
292,Brian Hall,wilsontanner@yahoo.com,"795 Shane Knoll
Kimberlyfort, ME 07677"
293,Ashley Elliott,rickythompson@wells-coleman.com,"16354 David Rapids
West Jesus, MO 76569"
294,Maria Jackson,amycobb@hotmail.com,"37000 Gonzalez Path
West Laura, SC 26291"
295,Amy Anderson,georgenicholas@johnson.com,"495 Gates Pines Apt. 043
Andrewside, AZ 60569"
296,Isaac Young,ryansolis@gmail.com,"9792 Schmidt Field
New Williammouth, AK 15451"
297,John Ward,jonathan12@williams.com,"899 Steven Gardens Apt. 899
Williamsontown, NH 52197"
298,Willie Martinez,smithjennifer@hotmail.com,"749 Jonathan Stream
Jeffreyview, MS 80758"
299,David Warren,sara46@hotmail.com,"Unit 6970 Box 4466
DPO AE 33364"
300,Alicia Henry,bruce80@anderson.org,"Unit 6418 Box 5220
DPO AA 53871"
301,Robert Mcmahon,danielle50@wade-sanchez.biz,"25861 Marie Motorway
South Michael, SC 63071"
302,David Burnett,linda45@hotmail.com,"002 Williamson Crescent Suite 176
Lake Andrewside, OK 08729"
303,Chad Gilbert,savannah41@stewart.com,"5198 Alex Camp
Priceville, MS 13121"
304,Heather Stout,terribennett@yahoo.com,"18043 Baker Ville Suite 973
Samanthaland, ME 72558"
305,Stephen Becker,williamavila@hotmail.com,"0014 Jordan Estate
Riostown, NE 31432"
306,Julie Atkinson,allenchristopher@gmail.com,"925 Margaret Mountains
Nguyenchester, PA 78149"
307,Lee Martinez,pattersonjulian@blair.biz,"1302 Smith Hills Apt. 690
Collinsville, WV 32406"
308,Michael Bowman,turnerraymond@gmail.com,"27162 Russell Creek Suite 340
Tanyaborough, MS 28273"
309,Marie Marquez,ttownsend@gmail.com,"749 Zuniga Walk
Mcguireville, CA 09422"
310,Paige Munoz,samuel76@yahoo.com,"614 Steven Lakes
Cynthiaton, GA 78815"
311,Andrew Walker,paulsmith@hotmail.com,"0303 Mitchell Extensions
New Amanda, KY 87888"
312,Tom Johnson,leah63@hotmail.com,"5382 Harris Forges Suite 536
Jasonport, MO 63638"
313,Patrick Howard,jerry02@gmail.com,"35107 Latoya Wall Apt. 430
North Courtneyville, RI 77143"
314,Laura Mahoney,glee@gmail.com,"37910 Jonathan Square Suite 688
Lake Julie, RI 41217"
315,Heather Cameron,courtneylopez@gmail.com,"275 Joyce Rapid
Lake Frank, VA 83581"
316,Mr. Eric Howell,christopherbarry@gmail.com,"1224 Nicole Dale Suite 813
Carrieshire, MO 06216"
317,Miss Ashley Harrison,nsmith@hotmail.com,"016 Jose Creek Suite 395
Tiffanyfurt, DC 80000"
318,Anthony Kelley,matthewking@johnson.com,"638 Matthew Viaduct
Morganmouth, NY 46408"
319,Marcus Reyes,meadowsrichard@yahoo.com,"929 Callahan Throughway
Danafort, MS 41934"
320,Scott Cunningham,thomasluis@wilson-hodge.com,"787 Angela Freeway Apt. 642
Smithhaven, ID 75663"
321,Charles Long,joshua88@day.info,"08927 Avila Walk Suite 459
Cassiestad, PA 92460"
322,Jake Sellers,wjohnson@hotmail.com,"471 Jeff Land Apt. 324
Bergmouth, AK 91068"
323,Rebecca Knight,matthew86@mitchell.com,"647 Christensen Gateway Suite 368
Michaelchester, UT 35999"
324,David Wall,mckinneyjohn@stevens.com,"196 Ward Center Apt. 443
New Michaelborough, RI 88644"
325,Anne Key,chadorozco@yahoo.com,"667 Amy Centers Apt. 874
Michellemouth, NE 08941"
326,Patricia Garcia,ryangonzales@gmail.com,"43145 Kenneth Trail
Danieltown, AZ 63965"
327,Rhonda Stewart,christopher23@schultz.com,"618 Steve Field Suite 711
Lake Brian, IL 89252"
328,David Watson,nrose@thomas.com,"9555 Dawn Cliff
Perezchester, VA 84029"
329,Candace Benson,juliafernandez@martin.info,"94266 Mcdonald Tunnel Suite 131
Kristinville, DC 16668"
330,Karl Wright,troytaylor@morgan.biz,"58450 Tammy Route
New Nicole, IA 30825"
331,Joseph Davis,tgutierrez@roberts.com,"25010 Kristen Trail Apt. 537
Lake Megan, TN 90990"
332,David Owen,brian89@hotmail.com,"0303 Jon Curve
East Sandraton, WY 68649"
333,Tracy Mendoza,brittany33@palmer.com,"0834 Lopez Corner
Lake Jenniferbury, MN 11967"
334,Kimberly Sparks,dromero@richards-logan.biz,"974 Stuart Ford
New Victoriatown, PA 12756"
335,Tina Skinner,allengreene@hotmail.com,"1797 Levy Junctions
Lake Monicaport, AK 93701"
336,Xavier Wilson,mlucas@abbott.com,"932 Jose Harbor
Richardsfort, LA 59772"
337,Cathy Rodriguez,dgarcia@hotmail.com,"PSC 0483, Box 0802
APO AP 87218"
338,Megan Friedman,christopher01@gmail.com,"59966 Melissa Ports
Norriston, MD 48922"
339,Tiffany Clark,summersbarbara@yahoo.com,"363 Janice Key
Carolynview, NE 22407"
340,James Powell,millermatthew@yahoo.com,"6442 Wiggins Route Suite 084
Gibsonfort, MI 93513"
341,Melissa Deleon,aporter@gmail.com,"217 Oneill Rue Suite 724
West Michael, UT 76362"
342,Marc Bennett,marissaharris@ware.com,"PSC 5070, Box 2840
APO AE 42971"
343,Michael Riley,martincarpenter@gilbert-bell.org,"269 Blake Plaza
Christineton, ID 97594"
344,Sally Meyer,zcox@yahoo.com,"14943 Harris River
Donaldborough, MO 88795"
345,Dr. James Guerrero,toddnguyen@yahoo.com,"35897 Booth Path Apt. 592
Johnton, NE 18875"
346,Steven Moon,emilywilliams@tran.com,"68450 Fox Well Apt. 272
North Jamesstad, AR 65192"
347,Sean Fisher,matthewchavez@thomas.biz,"PSC 1179, Box 4446
APO AP 24626"
348,James Smith,jhays@johnson.com,"8450 Rodney Lake
South Daniel, VA 56833"
349,Christine Campbell,dylanpayne@hotmail.com,"91903 Mcmahon Harbors Apt. 222
Lake Anthony, RI 15338"
350,Marcus Williams,floydsara@horn-shields.com,"611 Snyder Spurs
Lake Sarah, MO 98512"
351,Katherine Ferguson,lindaevans@gmail.com,"093 Stokes Shores Suite 384
Rothmouth, GA 91883"
352,Roy Gardner,amy03@harris.com,"0590 Heidi Loaf Suite 895
South Larrymouth, IL 46499"
353,Ryan Hernandez,wanda20@hotmail.com,"18189 George Cliffs Apt. 756
Debrafort, NV 33137"
354,Jason Gonzalez,michaelpatterson@owens.com,"97639 Gonzales Manor Apt. 712
South Elizabethside, MS 67756"
355,Kimberly Murray,audrey46@white.info,"0855 Brianna Ferry
North Heather, ND 97809"
356,Kathryn Murphy,youngkevin@yahoo.com,"605 Willis Tunnel Suite 196
Carlborough, IA 67755"
357,Brandon Hooper,jaclyn45@chambers.org,"38734 Lopez Mall Suite 106
West Amystad, NY 99221"
358,Emily Peterson,apriljohnson@hotmail.com,"65278 Jones Common
Theresahaven, NC 68833"
359,Kristine Mccall,vmyers@gmail.com,"18338 Teresa Light
Port Stacey, NY 52901"
360,Mario Gonzalez,johnsonkyle@hotmail.com,"1078 Roy Pike Suite 031
East Emmamouth, MO 25347"
361,Adam Williams,carol38@allen-gordon.org,"7162 Kelly Circle
Duranport, ME 86535"
362,Robert Stevens,lowerobert@simmons-wallace.com,"6170 Hawkins Common
East Scottburgh, OR 05912"
363,Angela Wright,martinlisa@horton-russell.com,"191 Marks Ramp
Port Lindsey, IN 09678"
364,Ryan Ramirez,jessicawu@gmail.com,"10001 Campbell Field
South Bradleyborough, AL 93161"
365,Claire Clark,elizabeth50@gmail.com,"916 Cunningham Drives Suite 891
Ryantown, MI 57473"
366,Mr. Gary Waters,kaylaholden@hotmail.com,"84425 Michael Cove
Kevinshire, CT 21525"
367,Tracy Gillespie,bonniewatts@yahoo.com,"24600 Monica Key Apt. 960
Hartville, NJ 48526"
368,Danielle Vaughn,xdavidson@gmail.com,"642 Wright Grove
South Carolton, MI 67808"
369,Dawn Baker,hillelizabeth@herring.com,"75611 Myers Lock Suite 780
Williamsonton, NH 81756"
370,Elizabeth Greene,sgutierrez@hotmail.com,"313 Garrett Drive Apt. 403
Port Josephshire, NM 84897"
371,Shannon Hernandez,brownkayla@castro.com,"01560 Steven Radial
Davidland, WY 14282"
372,Christian Rivera,jmoore@hotmail.com,"779 Ashley Station Suite 412
Lake Sharon, AR 75836"
373,Caitlin Lewis,wgardner@newton.info,"43629 Kenneth Valleys Suite 035
North Vanessastad, WI 48780"
374,Linda Williams,vdennis@hotmail.com,"6233 Quinn Cliff Suite 995
Adamsberg, VT 78372"
375,Tammy Schneider,jonesmonica@hotmail.com,"Unit 5623 Box 3463
DPO AA 29793"
376,Valerie Davis,nflores@butler.com,"13236 Melissa Walk
Leeland, MI 03332"
377,Sara Cochran,keith32@gmail.com,"6320 Gibson Meadows
Warnerborough, NJ 44797"
378,Sherry Brown,dfarrell@hotmail.com,"890 Garrett Villages Suite 684
Judyville, UT 33197"
379,Cameron Johnson,tracymcneil@berry.com,"01169 Nelson Shoals
Joannatown, AZ 77685"
380,Leonard Black,amanda65@hotmail.com,"45549 Deborah Heights Suite 174
South Keithchester, TN 55073"
381,Timothy Nash,donnasmith@ochoa.com,"925 George View
Cannonside, CO 83378"
382,Emily Le,whitejennifer@hotmail.com,"2988 Frederick Falls Suite 261
Port Sarahland, GA 78996"
383,Robert Johnson,james18@richard.com,"35538 Cheryl Mall Apt. 926
North William, ID 40294"
384,Melissa Lopez,zduke@miller.com,"951 Torres Fort
West Melissatown, LA 85549"
385,Daniel Bryant,smithrachel@gmail.com,"Unit 8522 Box 7235
DPO AE 90359"
386,Jessica Chavez,evansstacey@gmail.com,"73622 Robin Ports
New Markland, ND 74010"
387,Brandy West,dswanson@blackwell.com,"91426 Colleen Dam Suite 015
New Nathanielmouth, NY 80864"
388,Amber Hall,cherylkaufman@brown.com,"7749 Collins Mews Apt. 478
Wilkersonstad, MO 09375"
389,Michael Jones,johnwilson@olson.com,"63659 Guy Mill Apt. 295
Port Stephanieton, MS 75097"
390,Olivia Taylor,brent84@morris.com,"544 Esparza Rapid
East Andrea, DE 42940"
391,Joseph Sanchez,acardenas@hotmail.com,"750 Church Point Apt. 699
Lake Charlesbury, NE 42447"
392,Ryan Ellis,kyle32@hotmail.com,"12933 Carter Creek Suite 834
North Charlesberg, KY 59866"
393,Michelle Johnson,tammy59@burch.biz,"8559 Ruben Shore Suite 836
Lake Elizabeth, ID 37922"
394,Alexis Craig,qherring@mcdonald.org,"728 Rachel Estates Apt. 625
Lake Cherylchester, GA 62257"
395,Alice Wilson,jimenezbernard@stephens-freeman.biz,"4390 Emily Estates Apt. 770
New Robinville, MT 85560"
396,Jennifer Salazar DVM,travis54@yahoo.com,"06713 Hanna Burg Suite 189
Bradleyborough, LA 58793"
397,Ashley Smith,wadams@yahoo.com,"33773 Kelly Inlet
Ronaldland, ME 46471"
398,Matthew Roberts,adam24@yahoo.com,"1331 Erika Garden
West Tannerburgh, OR 51283"
399,Michael Phillips,emiller@sanchez.com,"287 Perez Hills
North Derrick, FL 75339"
400,Krista Webb,kaylapeterson@yahoo.com,"886 Fischer Shoal Suite 313
Lake Darlene, GA 60557"
401,Emily Marks,brittanybenitez@larson.biz,"12379 Diaz Stream Apt. 483
Port Brenda, MO 78243"
402,Karen Guerrero MD,zpatel@yahoo.com,"20027 Amanda Ridges Apt. 822
Chadview, NY 27113"
403,David Pineda,millsjustin@davis-suarez.info,"03228 Jackson Overpass Apt. 740
Stephanietown, AR 01601"
404,Shawn Thompson,donald65@gmail.com,"80784 Kennedy Ville Apt. 383
Cervantestown, TN 14119"
405,Sylvia Smith,wrightchristopher@hotmail.com,"053 Richard Ways Suite 951
Williamsstad, VT 12487"
406,Eric Jones,scottwilson@myers-scott.com,"9900 Guerra Walk
Mccallfurt, KS 05774"
407,Adrian Medina,irobinson@gmail.com,"9970 Williams Courts
Gutierrezberg, WV 47651"
408,Gabrielle Dickerson MD,susanmoore@gmail.com,"594 Hammond Square
North Kathleen, ME 09625"
409,Brandy Santos,valeriechristian@hotmail.com,"580 Joyce Union
Gardnershire, MN 92490"
410,Heather Sanford,williamsalexander@hotmail.com,"PSC 4014, Box 1586
APO AA 73562"
411,Stephen Melton,derek24@baker.com,"3537 Goodwin Shoal
New Angela, VT 68820"
412,Teresa Underwood,heather36@yahoo.com,"035 Martha Inlet Suite 011
North Michaeltown, DC 43651"
413,Monique Johnson,warnertroy@gmail.com,"480 Fritz Corner Suite 469
West Jeffrey, NJ 24173"
414,Tina Johnson,michelle89@gmail.com,"0868 Delacruz Estates Apt. 406
Brianaland, MN 78301"
415,Michael Dillon,sabrinahess@gmail.com,"0751 Butler Pike
Jacobland, NC 68332"
416,Benjamin Michael,geraldwhite@cantrell.org,"6475 Paula Throughway Suite 502
Jameschester, UT 05135"
417,Franklin Rivera,amanda03@chapman-cox.info,"15719 Tina Mount
Lake Crystal, OH 58470"
418,Jordan Lawson,nicholas54@gmail.com,"6798 Walker Plaza Suite 695
Cherylside, OK 91800"
419,Diana Wright,yperez@yahoo.com,"234 Kenneth Loaf Suite 681
Barryfurt, AR 47542"
420,Christopher Salazar,daniel68@guerrero.com,"535 James Mount
East Riley, MA 01289"
421,Savannah Guzman,shermanmatthew@cohen.org,"0609 Shannon Isle
Jessicaburgh, HI 23061"
422,Ebony Thomas,bpena@gmail.com,"28507 Jose Plain Suite 393
Campbellhaven, MA 71348"
423,Monique Aguilar,carrie70@johnson.net,"325 Choi Lodge
New Alicia, KS 99197"
424,Dawn Cummings,lozanomelissa@torres.net,"561 Hale Mountain Suite 874
Keithberg, WI 54703"
425,Jessica Johnson,castanedajohnny@hotmail.com,"14082 Wayne Pines Apt. 992
Elizabethbury, FL 09172"
426,Michelle Patel,mccormickrhonda@gmail.com,"USNS Schmidt
FPO AA 84589"
427,Christopher Rogers,gary79@middleton-scott.com,"421 Jonathan Hills Apt. 433
Lynnmouth, GA 89511"
428,Kevin Morgan,elizabethyates@gonzalez-waters.com,"29051 Dennis Fords Suite 159
Faulknerton, NC 73833"
429,Jose Escobar,blakehernandez@gmail.com,"8557 John Stravenue Suite 867
Thomasport, IN 76299"
430,Sherry Graham,kcarter@yahoo.com,"496 Sergio Square Apt. 197
Port Pamshire, WA 39172"
431,Richard Cox,freemanvincent@yahoo.com,"Unit 4820 Box 7350
DPO AE 98235"
432,Richard Johnson,mercedesrichardson@rice.org,"8232 Michael Expressway
Lake Timothyborough, ND 41944"
433,Melissa Morgan,tpatrick@levy-chen.com,"220 Anita Expressway
New Denise, NY 33131"
434,Matthew Ashley,michael89@potter.com,"3337 Karen Parks
Jeremyborough, KY 98656"
435,Brenda Luna,nicolashines@gmail.com,"1964 Brandon Trace
North Frederick, NC 51691"
436,Jennifer Lucas,butlerjamie@hotmail.com,"816 Andersen Rapids
Port Thomas, WV 36453"
437,Cody Thomas,timothy87@hotmail.com,"Unit 7334 Box 7882
DPO AE 77592"
438,Tracey James,ericawilson@hotmail.com,"01009 Downs Curve
Craigville, MI 44724"
439,Julie Whitaker,matthewfoster@williams.com,"5133 Jessica Circles Apt. 246
Port Isaac, FL 35269"
440,Patricia King,melissa66@hall-medina.biz,"53637 Madison Lock Suite 116
Clarkton, ME 18144"
441,Matthew Thomas,ejohnson@gmail.com,"130 Jones Ridges
New Veronica, MN 40929"
442,Mr. Mark Turner,amanda02@myers.com,"931 Todd Springs
Saraville, MN 77679"
443,Samuel Smith,holmesnathan@nicholson.com,"3133 Trevino Plains Apt. 754
Garrisonview, AK 33518"
444,Belinda Rocha,ihudson@romero-mckinney.net,"561 Weiss Crescent
Sharpchester, OK 41735"
445,Brian Ritter,bowmanphilip@yahoo.com,"126 Parker Glen
Julietown, AK 24190"
446,Jennifer Johnson,crossrebecca@yahoo.com,"PSC 2339, Box 8270
APO AA 14110"
447,Jonathan Long,marshalldillon@hall.com,"2910 Saunders Coves
Campbelltown, CO 35794"
448,Edward Edwards,angelblevins@evans.com,"64277 Choi Plaza Apt. 627
South Vanessa, LA 99784"
449,Daniel Quinn,jamescruz@walker.biz,"308 Cooper Pine Suite 017
Andrewberg, CT 61589"
450,Vincent Manning,dennis96@gmail.com,"8954 Smith Station Suite 834
Jonesmouth, FL 97602"
451,Michael Boyd,torrestravis@gmail.com,"900 Lisa Forges
North Charles, WI 08436"
452,Mary Fischer,williambrown@russell-gomez.com,"Unit 8660 Box 0719
DPO AE 22272"
453,Tyler Serrano,kimberlyglenn@gmail.com,"40610 Williams Union Apt. 234
Michelleville, CT 39029"
454,Joseph Graham,jwyatt@gmail.com,"614 Gabriel Creek
Lake Donald, DE 13586"
455,Cheyenne Mckenzie,johnsonmelissa@yahoo.com,"56136 Coleman Estates Apt. 135
Martinview, NJ 40957"
456,Carlos Dickerson,alison52@cervantes-clark.com,"USS Hutchinson
FPO AA 94886"
457,Lacey Dominguez,hoganpeter@clark.info,"7668 Brown Meadow Suite 163
New Victoriaside, HI 19436"
458,Dylan Pope,zrobertson@smith.com,"91164 Hancock Junctions
Briannaberg, WA 90708"
459,Richard Dunn,alyssa83@yahoo.com,"189 Albert Rapid
South Rebeccaland, MS 80392"
460,Lori Chandler,randolphpamela@hotmail.com,"65255 Fowler Turnpike
Lake Aaronmouth, DC 77604"
461,Dale Gonzalez,boonetimothy@luna-graves.com,"5865 Yesenia Spring Apt. 583
Sanderschester, DE 89906"
462,Richard Cooke,sheppardalyssa@gmail.com,"PSC 4418, Box 7720
APO AE 56069"
463,Patrick Hunt,michaelhuang@yahoo.com,"7481 Shelly Well Suite 737
Samuelview, TX 21480"
464,Crystal Fitzpatrick,thomasevans@brown.info,"3291 Golden Field Apt. 313
Jeanettetown, SD 82687"
465,Olivia Johnson,achen@anderson.com,"946 Johnson Common Apt. 589
Elizabethhaven, SC 63484"
466,Nicole Griffith,ewaters@mullen.com,"549 Key Track Suite 328
Kevinside, KS 68326"
467,Lisa Krause,kelly55@cowan.com,"6322 Donald Pike Apt. 620
Marshallstad, TN 46492"
468,Robert Yates,shannonzamora@williams-pacheco.com,"94166 Fuller Lights
West Robertmouth, NY 46653"
469,Austin Cabrera,brownsusan@gmail.com,"00950 Mary Gardens
Lake Tiffanyberg, MO 30849"
470,Ashley Martinez,barry81@case-aguirre.com,"32519 Mcintyre Isle Apt. 850
New Tracey, MA 96621"
471,Dr. Francis Duran,knightdarryl@hotmail.com,"390 Barron Row Suite 825
Christopherchester, NY 82001"
472,Jeremy Smith,mkelly@pennington.net,"38670 Catherine Burg
Andersonberg, WY 54414"
473,Edward Richards,mark85@hotmail.com,"77702 Paul Manors Suite 844
Port Shannon, NM 09165"
474,Kyle Coleman,crawfordrobert@gmail.com,"7899 Hunter Stream
Jamesville, MO 14424"
475,Wendy Miller,rjohnson@gmail.com,"30855 Castaneda Road Apt. 956
New Nicoleview, OH 36763"
476,Shannon Cooke,erictucker@hotmail.com,"7433 Austin Alley
Eddieville, MI 42422"
477,Tyler Watts MD,josejackson@gmail.com,"428 Aaron Harbors
Ramseyfurt, ND 53118"
478,Christina Whitaker,torresroberto@gmail.com,"3358 Kimberly Trail
Robertmouth, CA 17167"
479,Mariah Parks,silvalaura@yahoo.com,"214 Robert Streets
Morristown, ME 51636"
480,Madison Holloway,travisspence@phillips.info,"2420 Norton Inlet Apt. 515
Josehaven, MS 94720"
481,Melissa Snyder,robertlarsen@hotmail.com,"36956 Jeffrey Land
Ryanfurt, GA 04241"
482,Anthony Cordova,imontoya@hotmail.com,"PSC 2377, Box 6923
APO AE 02764"
483,Jeffrey Smith DVM,ryanmorris@hotmail.com,"774 Jackson Trace Suite 774
East Robertport, DE 07274"
484,Rachel Young,christianscott@hotmail.com,"83402 Dunn Ports Suite 460
Port Danielletown, SD 48442"
485,Debra Lewis,dfoster@hotmail.com,"9311 Jill Forge Apt. 662
Cohenhaven, MS 60077"
486,Marcus Mcfarland,kimmaria@hughes-bennett.com,"56974 Diane Cliffs
New Thomas, PA 09819"
487,David Thomas,taylor52@christian.com,"6706 Kyle Meadows
Port Anna, NE 52033"
488,Carrie Mason DDS,daltondaniel@todd.com,"2878 Bridges Centers
West Kellyhaven, GA 87653"
489,Matthew Morris,molly13@brown.com,"PSC 0171, Box 0224
APO AA 62105"
490,Donna Novak,ralph82@gmail.com,"Unit 5652 Box 1720
DPO AE 95775"
491,Chad Griffin,adavila@harmon.com,"6767 Melanie Cape Suite 921
Davidstad, AL 30544"
492,Thomas Ryan,odomcrystal@mcintosh.com,"245 Luis Spring
Carlsonview, MD 28913"
493,Christopher Gonzalez,blanchardkenneth@hanson.org,"6324 Dustin Union Suite 698
Jasonville, LA 36832"
494,Ashley Warren,bchapman@yahoo.com,"4274 Combs Tunnel Apt. 283
Wendyfurt, HI 31807"
495,Sierra Olson,deannaowen@yahoo.com,"24595 Moreno Fall
Valerieside, MS 44950"
496,Nancy Kennedy,alexanderjonathan@gmail.com,"579 Carter Bypass Suite 755
West Marissa, MI 86144"
497,Terri Meza,cruzjoseph@fletcher-hunt.com,"717 Melissa Road Apt. 572
Eatonstad, UT 27206"
498,Dwayne Carter,martinezelizabeth@king-landry.org,"8803 Franco Via
North Laura, ND 17482"
499,James Brown,vnguyen@hotmail.com,"78021 Christine Rue
Lake Andrew, WA 59009"
500,Thomas Miller,grobinson@jones-buchanan.net,"13521 Silva Inlet Apt. 907
Cranetown, WV 80071"
501,Albert Dougherty,alexander12@hotmail.com,"29967 Solomon Well Suite 925
Port Adam, ND 37353"
502,Jon Mccarty,cmoss@myers.com,"4454 David Forges
Lake Dawnfurt, CT 68553"
503,Darren Maxwell,mramirez@holder-davis.com,"002 Jones Spring
Garciafurt, MI 75281"
504,Christopher Weaver,karen06@yahoo.com,"94442 George Orchard
Shannonland, GA 80678"
505,Glenn Turner,samuel95@hotmail.com,"414 Stacy Groves
Jameschester, AL 17839"
506,Daniel Perez,davidmorris@baker.com,"3606 Tyler Shoal Apt. 059
Cameronland, CO 09143"
507,David Chen,butlertravis@guerrero.com,"PSC 0326, Box 2214
APO AE 46635"
508,Laurie Parker,gwilson@burns.com,"811 Wright Tunnel
Port Peterport, NH 82291"
509,Donna Mccarthy,michaelmcneil@hotmail.com,"610 Amy Plaza Apt. 914
Novakstad, RI 84406"
510,Joseph Thomas,ucobb@marshall.com,"605 Griffith Summit Suite 294
Nicolemouth, NY 26232"
511,Laura Barker,terrance28@pace-valentine.com,"36833 Lambert Locks Apt. 130
West Brian, AL 29852"
512,Henry Mata,vspears@yahoo.com,"30778 Tran Crest
Arnoldfurt, NM 61852"
513,Lisa Coffey,leemartin@hotmail.com,"9113 Cruz Burg Apt. 134
Sandraborough, MS 20890"
514,Daniel Howard,kimberly72@gmail.com,"01333 Rebecca Drive Suite 393
North Denisebury, NC 38632"
515,Anthony Knapp,beth17@hotmail.com,"9854 Kelsey Ford Apt. 979
New Brianfort, KS 88264"
516,Amanda Gonzalez,derek81@simmons-cooper.info,"813 Nicole Walks Suite 600
East Austinfort, ND 38551"
517,Tiffany Hamilton,lfarley@gmail.com,"7542 Kennedy Wall Suite 035
East Dominic, FL 85211"
518,Dr. Stephen Marshall,david54@yahoo.com,"877 Timothy Village Suite 613
Maryport, MS 32684"
519,Raymond Murphy,owerner@fitzpatrick-murphy.com,"243 Adkins Prairie
Port Gregory, SD 06822"
520,Christopher Fisher,wmoody@yahoo.com,"786 Grant Village Suite 226
Marymouth, RI 68352"
521,Tyler Harding,jjones@gmail.com,"64356 Joel Turnpike Apt. 058
Lake Kellyland, WV 76361"
522,Nicole Clark,zwilliams@hotmail.com,"18989 Rhodes Haven Suite 953
Codystad, MA 64619"
523,Mark Poole,maria25@gmail.com,"3887 Todd Drive Apt. 229
Mcdonaldchester, NY 02678"
524,Shawn Jordan,tturner@hughes.com,"89378 Smith Islands
North Alan, CA 64466"
525,David Clark,melissasmall@yahoo.com,"PSC 0780, Box 5818
APO AA 58526"
526,Nathan Murphy,adrian43@wilson.com,"4334 Oliver Spur Suite 424
North Wendy, GA 58106"
527,Melinda Jackson,diane15@sampson-goodman.com,"84102 Morgan Causeway
Lauraland, MA 90909"
528,Sharon Jackson,veronica97@hotmail.com,"6473 Latasha Forge
South Gregory, NH 60980"
529,Eric Miller,vincent42@west.info,"USNV Pierce
FPO AA 39695"
530,Benjamin Hernandez,charlottescott@yahoo.com,"6468 Perez Stream Apt. 086
Lake Jesseville, VA 97698"
531,Andrew Gibbs,aanderson@vasquez.net,"Unit 3046 Box 7409
DPO AP 65135"
532,Edward Anderson,monica27@yahoo.com,"4556 Hunt Trail
New Richard, UT 89555"
533,Carrie Holland,ppark@yahoo.com,"253 Williams Overpass
Port Tyler, OK 96629"
534,Susan Ross,nicholsmary@williams.com,"14096 Williams Garden Apt. 523
West Jenniferstad, FL 69854"
535,Brian Clark,morganphillip@scott.biz,"3881 Burnett Shore
Lake Jackiemouth, NV 07213"
536,Angie Mendez,ofranco@smith-owens.com,"USCGC Peck
FPO AP 59551"
537,William Hall,zoe92@gmail.com,"397 Gomez Extension
West Aliciaview, ID 11604"
538,Erica Lee,wharris@hotmail.com,"156 Joshua Harbor Suite 643
Port Lauraton, CO 03361"
539,Jesus Murphy,wreyes@pearson.org,"4623 Medina Port Apt. 385
West Eric, WI 47110"
540,Robin Black,joneskenneth@gmail.com,"Unit 6639 Box 3903
DPO AA 78065"
541,Daniel Williams,katherine06@martin-williams.com,"0677 Nicholas Springs Suite 548
Port Kevin, VA 61213"
542,Heather Silva,donna14@maynard.net,"954 Angela Mountains
North Pamelaborough, ID 51417"
543,Nathan Martinez,laura54@bonilla.com,"04267 Fisher Shore Suite 312
Vaughnmouth, WA 05318"
544,Russell Johnson,jerry48@yahoo.com,"PSC 6328, Box 1583
APO AE 92416"
545,Rhonda Henson,lunamaria@mcdonald.com,"31193 Lori Harbor Suite 569
New Tammyshire, TN 00845"
546,Travis Valenzuela,leejuan@hunt.com,"4907 Robert Keys
Pamton, UT 31292"
547,Stephen Watson,qwilliams@wilkins.biz,"043 Schultz Ferry Suite 861
Randolphfort, CT 93106"
548,Michelle Keller,vortiz@ramsey.biz,"4402 Cynthia Mews
New Nataliechester, HI 92591"
549,Kimberly Gilbert,tinasmith@gmail.com,"12285 Miller Road
Victorialand, CO 04342"
550,Johnathan Swanson,matthewgarcia@lee-johnson.biz,"73072 Gray Centers Suite 799
Jamesshire, KS 18395"
551,Zachary Newman,edwardsmark@hotmail.com,"773 Jeffrey Crossroad
South Beth, IL 77827"
552,Adam Salinas,tyler01@hotmail.com,"41495 Tammy Tunnel
Aliciaville, MD 88970"
553,Christopher Santos,michaeloneal@fischer.com,"444 Chad Passage Apt. 388
Amandaview, OR 31101"
554,Curtis Brown,nelsonjacob@torres.info,"879 Powell Fork Suite 369
Lake John, IN 50607"
555,Theresa Martin,jaredross@gmail.com,"8245 Hood Road Apt. 102
West Michael, FL 10054"
556,Crystal Tyler,nicholas43@lucas.biz,"9377 Donna Crossroad
Arielfort, ME 75810"
557,Megan Campos,raymondandersen@faulkner-gomez.org,"7077 House Stream Suite 900
Lake Kara, MO 88745"
558,Jason Ortega,bartonrobert@hotmail.com,"6834 Kennedy Island Apt. 696
Susanfort, UT 62541"
559,Ellen Ray,brucematthew@hotmail.com,"50109 Torres Alley Suite 402
Jessicahaven, OK 30485"
560,Mary Pearson,iwilliams@yahoo.com,"1955 Delgado Springs
South Andre, IL 04095"
561,Madison Nelson,david91@moore.info,"38903 Robinson Branch
Lake Bonnieview, NY 60771"
562,Jason Carter,clarkstacey@hotmail.com,"21281 Lopez Skyway Suite 433
Whitefurt, OR 43788"
563,Paul Henry,acosta@robinson.net,"46120 David Ford Suite 108
New Cindyshire, NM 32858"
564,Todd Wilson,rachelgibson@yahoo.com,"71140 Lynn Row
Websterview, LA 23878"
565,Steven Lopez,frazierkaitlyn@hotmail.com,"3559 Taylor Centers Apt. 741
Lake Carol, KS 57274"
566,Pamela Smith,markthomas@thompson-lamb.net,"051 Anna Camp
Jacquelinebury, HI 77137"
567,William Wagner,hullashley@gmail.com,"0521 Jerry Viaduct
Andrewsshire, NC 82095"
568,Brett Calhoun,olsonlori@jones.biz,"20455 Oneal Island Suite 718
Dawnfort, AZ 11221"
569,Jesse Frost,seanmoran@yahoo.com,"0903 Matthew Rapid Suite 507
Parksberg, GA 53674"
570,Theresa Ortega,lindahopkins@forbes.info,"804 Woods Valley
Marychester, KY 02979"
571,Ashley Butler,brendamay@brown.com,"Unit 1354 Box 6657
DPO AP 83925"
572,Susan Santos,arogers@brown-allen.com,"USCGC Stevens
FPO AE 69414"
573,Yvonne Diaz,savagegarrett@walker-bass.com,"PSC 7005, Box 2366
APO AP 88550"
574,Ashley Johnson,steven15@robinson.com,"888 Cameron Path Apt. 201
Nixonville, VA 59067"
575,Monica Miranda DDS,sfoster@murray-tyler.com,"2377 James Islands Apt. 332
Port Huntertown, MT 18429"
576,Cynthia Scott,william23@martin-kramer.com,"304 Gutierrez Valleys
West Cassie, NC 60871"
577,Jamie Walker,wesley13@molina.com,"1496 Gibson Ports Suite 628
Simpsonbury, CA 08724"
578,James Mueller,kkim@vasquez-howe.com,"00662 Jimenez Terrace Apt. 789
Port Tiffany, FL 36469"
579,Barbara Harris,esantos@morris.com,"77177 Hughes Common Suite 818
Jenniferchester, CA 29433"
580,Kristine Nielsen,hernandezlisa@barrett.net,"771 Melissa Lane
Davidmouth, NY 24339"
581,Shawn White,kathymcdonald@hotmail.com,"28176 Gregory Points
Jacquelinemouth, MT 72132"
582,Caleb Reed,jmoore@gmail.com,"2035 Washington Coves Suite 912
New Laceyview, ID 29798"
583,Kenneth Hodges,gedwards@thompson-solis.com,"735 Christine Garden Suite 443
Bartonmouth, NM 67851"
584,Daniel Francis,denise62@stephenson.com,"1719 Andrew Coves Apt. 100
Kevinburgh, IN 60485"
585,Jessica Brown,spencersheena@yahoo.com,"USNV Ortiz
FPO AE 66990"
586,Nichole Joseph,dominiqueclarke@hotmail.com,"296 Lindsay Unions
Jamesport, NM 89941"
587,Gerald Romero,johnsonedwin@gmail.com,"USNS Mata
FPO AE 87348"
588,Shawn Scott,pricejoshua@vasquez.com,"9538 Connie Plain
Lake Kathryn, AK 20468"
589,Jason Martinez,mjones@gutierrez.com,"0393 Neal Roads Suite 423
Lake Karen, KY 88562"
590,Bradley Wilson,joshua62@hotmail.com,"2792 Garner Courts Suite 277
South Cory, UT 47184"
591,Nicholas Chen,david97@hotmail.com,"840 Mary Islands
Charleston, PA 88381"
592,Ashley Young,jane65@hotmail.com,"011 Curtis Garden
West Paulaburgh, AK 54280"
593,Richard Rivas,barkerjohn@hotmail.com,"519 Laura Grove
Mcdonaldberg, VT 79438"
594,Eric Blair,helen11@martinez.com,"Unit 1328 Box 6444
DPO AE 51044"
595,Karen Riley,laurenperez@gmail.com,"15408 Valdez Mill Apt. 140
Loganshire, OR 47094"
596,Melissa Peters,ushah@willis.info,"USNS Chan
FPO AE 54586"
597,Laura Sanchez,chenjessica@baker.com,"Unit 2031 Box 3209
DPO AA 91134"
598,Kathryn Wong,jacquelinejohnson@hotmail.com,"6696 Megan Falls
East Elizabethton, AR 88911"
599,Justin Bailey,vaughanchristopher@arnold-sexton.biz,"40152 Santiago Turnpike
Eriktown, ND 96116"
600,Nichole Contreras,zprince@yahoo.com,"5918 Daniel Trafficway
North Tiffanyborough, VA 92487"
601,Katherine Nelson,ulozano@pacheco.com,"9536 Garcia Place Apt. 234
Lake Jason, NC 07308"
602,Jose Mason,asanchez@gmail.com,"832 Mcintosh Route
North Erinside, MT 63337"
603,Jessica Hernandez,joshua34@gmail.com,"4218 Kathryn Divide
Hollytown, DE 52377"
604,Sharon Wright,tayloramber@hotmail.com,"2385 Rogers Plaza
Arnoldville, ID 91774"
605,Harold Ramos,monica43@ramos-gutierrez.com,"083 Anderson Village
Davisburgh, NC 29212"
606,John Hughes,linda11@hotmail.com,"98408 Sean Plains
Lake Monica, RI 26613"
607,Catherine David,abarajas@gmail.com,"21950 David Camp
South Dawn, LA 46680"
608,Madeline Murray,dennisbrown@gmail.com,"7658 Thomas Common Suite 665
Brianshire, AL 58952"
609,Ryan Soto,hurstkimberly@smith.com,"28406 David Lakes
West Marytown, CA 28778"
610,Juan Jacobson,brett33@hotmail.com,"49664 Johnson Vista Apt. 386
West Phillip, CO 02309"
611,Michael Smith,cdillon@gmail.com,"6729 Lisa Fields Apt. 162
New Bradleytown, MD 43928"
612,Tracy Thomas,camposedward@gmail.com,"564 Velazquez Expressway
Williamtown, GA 56333"
613,Jessica Martinez,theodore11@newton.info,"94449 Butler Landing Apt. 169
Lake Joseph, MA 40958"
614,Nicholas Padilla,bonnieevans@yahoo.com,"USNS Jones
FPO AP 30280"
615,Ryan Estes,kingdavid@gmail.com,"9658 Benjamin Springs Suite 154
Leehaven, HI 84855"
616,Lee Wright,kelly28@burns.com,"62747 Torres Turnpike
Rodriguezburgh, NE 22163"
617,Melanie Barrett,brodriguez@gmail.com,"6445 Lisa Manors
Wheelermouth, WV 94437"
618,Pamela Juarez,turnerjenna@pennington-mitchell.info,"733 Tammy Crossroad
Lake Jacquelineland, SC 08805"
619,Anthony Lee,bwolf@mcneil.com,"Unit 7837 Box 0878
DPO AP 03175"
620,Amanda Hunt,nwatts@yahoo.com,"5974 Andrew Ranch
West Andres, NY 80722"
621,Tracy Taylor,vmartinez@gmail.com,"050 Smith Ports Suite 856
Mcconnelltown, DC 29482"
622,William Barber,wongroger@walker.com,"752 Williams Loaf Apt. 216
West Rebeccaland, ND 92455"
623,Jeremiah Murray,ricesean@yahoo.com,"PSC 4624, Box 5279
APO AA 79698"
624,Brandon Smith,emilyberry@matthews-robinson.org,"0784 Hunter Shores
South Kelly, AL 69359"
625,Janice Dickson,vcoleman@hill-edwards.com,"5242 Jeffrey Cliff
Sandraside, TN 23332"
626,Marcus Roth,cathydaniels@barry-mason.com,"3637 Kari Rapid Suite 758
West Jonathanfurt, TN 32759"
627,Michael Martin,asingleton@owens-thompson.biz,"3069 Hunter Lake
Lake Noahstad, MN 91720"
628,Mitchell Thompson,coletina@gmail.com,"50407 Clark Highway Suite 484
North Margaretview, NE 94449"
629,Kevin Andrews,billysmith@gmail.com,"PSC 5593, Box 8788
APO AA 84437"
630,Joseph Bell,noahchaney@yahoo.com,"247 Guerrero Mills Suite 531
Stephensport, KY 44274"
631,Robin Fleming,thomashawkins@marshall.com,"57404 Smith Squares Apt. 157
Charlesmouth, AL 19660"
632,Carolyn Baker,michael21@valdez.net,"8032 Katie Hollow Suite 816
Leonardshire, VA 35705"
633,Jessica Bradley,paulconner@perkins.biz,"45280 Valdez Pine Suite 687
Murphybury, DE 11691"
634,Sandra Pierce,ybrown@glass-austin.com,"4992 Owens Stream Suite 397
Donnatown, MA 24447"
635,Jessica Strong,nchang@greer-matthews.net,"287 Wallace Crossing
Port Kimberly, NE 19440"
636,Amy Wilson,nwilliams@peterson-ruiz.com,"807 Paul Trail
North Veronicamouth, WY 16385"
637,Nancy Wright,ericdavis@hotmail.com,"USCGC Beck
FPO AE 40768"
638,Nicole Meza,stanley99@baker.info,"18372 Derek Unions
Rachelborough, NJ 81210"
639,Susan Mccormick,christophermitchell@hotmail.com,"67996 Alexander Oval Suite 904
Port Patriciafurt, AK 10454"
640,Brandy Adams,lyoung@gmail.com,"4514 Arnold Lodge
Lopezland, TN 53700"
641,Amanda Wright,fmorse@peterson.info,"119 Stephanie Forges
Lake Jeffrey, HI 81740"
642,Justin Smith,harrischeryl@gmail.com,"518 Allen Crest
North Josephshire, MD 83867"
643,Cindy Murphy,aanderson@yahoo.com,"USNS Santos
FPO AP 90789"
644,Deanna Santiago,adamschristopher@mendez.com,"119 Kimberly Ranch
Sarahburgh, KS 09711"
645,David Reyes,david81@hughes.com,"5674 Karen Wells
Lake Regina, KS 06095"
646,Hannah Leonard,michaelashley@gmail.com,"Unit 7515 Box 7190
DPO AA 49109"
647,James Gill,igraves@allen-pollard.org,"164 Cardenas Circle
Carrollfort, IL 50673"
648,Denise Bass,normanrodriguez@gay.net,"33410 Ryan Groves Apt. 107
North Laurenport, VA 96084"
649,Tracy Griffith,robert12@yahoo.com,"2226 Thompson Vista Suite 558
Samanthaberg, MA 52659"
650,Abigail Beck,isaiahdavis@hotmail.com,"1657 Stephen Park
South Jordanview, MI 70892"
651,Jeffrey Bennett,garzamichelle@holland-hess.org,"278 Petty Islands Suite 777
New Janicefort, MN 06212"
652,James Wade,jose95@gmail.com,"25223 Cheryl Walks Apt. 049
Parrishland, PA 22819"
653,Nancy Garner,ocrosby@hotmail.com,"194 James Vista Suite 650
New Mark, PA 08658"
654,Robert Gray,morgan32@gmail.com,"56690 Margaret Fork Suite 760
Brandonview, NC 52678"
655,Tara Lester,erica78@yahoo.com,"21862 Carpenter Avenue Suite 003
Martinland, AL 36400"
656,Todd Dunn,jessicawhitney@hotmail.com,"0265 Chapman Knolls Suite 437
Turnerbury, MT 08570"
657,Christopher Buckley,ysanchez@gomez.com,"USCGC Cox
FPO AP 62992"
658,Robert Cervantes,randallgwendolyn@oneill.com,"5515 Lynch Points Suite 871
North Chelsea, GA 51327"
659,Judy Brown,smithana@clark-bradford.com,"22664 Henry Shoal
West Nathaniel, WA 24120"
660,Kristina Booth MD,ycompton@clay-kim.biz,"572 Alexis Shores
Ashleyhaven, KY 68594"
661,Greg Reyes,david09@gmail.com,"95586 Brian Drive
Port Chad, SD 98944"
662,Mario Robinson,hhorn@gmail.com,"7028 Evans Ways Suite 615
Millsbury, MD 96189"
663,Bruce Miller,dorseybonnie@reyes-sharp.com,"8108 Ryan Run Apt. 710
North Johnbury, OR 35132"
664,Darren Flowers,williammurray@scott.com,"PSC 4206, Box 4815
APO AE 64566"
665,Wesley Myers,laura05@douglas-holmes.biz,"094 Mary Curve Suite 790
South Robinberg, ME 55631"
666,Christopher Hunter,wfrey@schneider.org,"0588 Caldwell Walk Suite 756
Simonport, VT 24155"
667,Charles Brown,zbailey@gmail.com,"2212 Patricia Mews
Frostbury, OK 94787"
668,Angela Owen,thomaslewis@yahoo.com,"012 Rodriguez Lane
South Saraberg, MN 25777"
669,Patricia Henry,barbaramcdaniel@gallegos.com,"1205 Nathan Lodge
Shortland, GA 29606"
670,Anthony Flores,millermichael@gmail.com,"1165 Dustin Inlet
Richardsonton, AL 12837"
671,Jamie Nash,krodriguez@clark.com,"15660 Catherine Causeway Apt. 909
South Danielton, MS 84729"
672,Emily Peterson,shannon83@arnold-mcintosh.com,"USCGC Andrews
FPO AP 87099"
673,Monica Hoffman,cburton@gmail.com,"3571 Olson Squares Suite 156
New Latoyabury, TN 63527"
674,William Ferrell,sanchezkenneth@yahoo.com,"18936 Sandra Spur
Kathleenchester, OR 79647"
675,Rebecca Wells,joshuaanderson@hughes.com,"6223 Alexander Corner
West Melinda, NJ 98078"
676,James Nelson,afowler@yahoo.com,"947 Erica Lakes Apt. 141
Georgeside, ND 38888"
677,Robert Larson,tiffanyskinner@gmail.com,"006 Lee Lodge
Elliottfort, IL 29672"
678,Zachary Stone,robin82@howell.com,"7866 Wallace Point Apt. 634
Kennedyport, IA 53653"
679,Marc Rice,vgraham@dickson.net,"763 Weaver Loaf
Millerside, UT 25640"
680,Caitlin Powell,morgan46@hotmail.com,"2898 Mark Court Apt. 808
Port Todd, DE 34448"
681,Amanda Russell,clarkjoseph@vega.com,"8051 Giles Freeway
Johnsonmouth, MN 88152"
682,Brandon Campbell,tranjames@young-evans.com,"46825 Allison Islands Suite 644
South Nathanielland, ME 61930"
683,Adam Roberts,lorettawebb@mcguire.net,"887 Gary Heights Apt. 531
Elliottshire, AR 88392"
684,Kelly Bennett,wallacejason@elliott.com,"91054 Brenda Spring
Clarkeview, IA 66988"
685,Zachary Tate,robin21@hotmail.com,"1632 Tyler Wells Suite 191
Whiteton, VA 39887"
686,Amanda Cooper,qpowell@yahoo.com,"08521 Margaret Ways Suite 302
South Lisa, CA 65921"
687,Charles Leonard,steven75@yahoo.com,"03625 Peter Lights Apt. 425
New Michellehaven, MI 83937"
688,Eugene Martinez,treynolds@yahoo.com,"USCGC Schmidt
FPO AP 18607"
689,Carl Allen,kathryn51@smith-kirk.com,"84132 Thomas Streets Suite 435
Zacharystad, NE 96704"
690,Stephanie Wood,shawnibarra@hotmail.com,"USS Black
FPO AP 71517"
691,Angela Smith,robert62@gmail.com,"59971 Love Pike
Emmaborough, NM 12649"
692,Alexander Manning,brentpierce@smith.com,"26356 Miles Isle Suite 909
New Michaelaland, WI 33715"
693,Melissa Hart,jordanmartin@short-johns.com,"784 Samantha Keys
Piercechester, MS 86194"
694,Benjamin Robinson,gcrosby@johnson-mason.info,"8705 Sara Burgs
Donnamouth, WA 74812"
695,Corey Sullivan,ellistimothy@stephens.com,"577 Cunningham Greens Suite 661
North Victoria, MN 15534"
696,Colleen Robinson,vlloyd@gilbert.info,"Unit 5421 Box 4306
DPO AP 07600"
697,Lauren Mahoney,coreydyer@carrillo.org,"530 Lisa Hill Apt. 314
Wendyview, OK 16853"
698,Donald Jacobs,kenneth00@hotmail.com,"92609 Lambert Rue Apt. 963
Michaelburgh, NH 94276"
699,Virginia Williams,rbrown@hotmail.com,"045 David Ways Suite 718
East Anthony, ME 69438"
700,Megan Miller,gweber@hernandez-lawson.com,"868 Rachel Parkway
Leahside, MS 28573"
701,Hannah Roman,zmorrison@chen.com,"5230 Orr Walk
East Davidshire, NE 44801"
702,Kevin Warren,vbright@tran.com,"94042 Betty Field
Port Christine, NV 78353"
703,Kristi Graham,glopez@miller-thomas.com,"1340 May Row Suite 046
Katrinaburgh, ID 39181"
704,Dr. Erin White MD,mary09@bennett.biz,"8968 Heather Pines Apt. 268
Mollyside, OH 39668"
705,April Parker,donaldtravis@glass.com,"11391 Nicholas Point Suite 172
Davidland, ID 53194"
706,Kyle Crawford,victoraustin@hotmail.com,"PSC 1879, Box 7811
APO AE 28901"
707,Bryan Miller,stephenturner@hernandez-chavez.com,"45012 Rubio Plaza Suite 014
Lake Erica, DE 12014"
708,Anita Bryant,rodriguezdustin@yahoo.com,"0871 Ibarra Mews Apt. 827
New Peter, VT 90895"
709,Timothy Scott,vwallace@patterson.info,"2123 Delgado Stravenue
Whitneyside, WI 41468"
710,Jade Henry,tiffanymontgomery@gmail.com,"39012 Herrera Way Suite 274
North Joshuatown, NC 97042"
711,Adam Hutchinson,rclark@gmail.com,"706 Timothy Corner
Millerchester, AL 76813"
712,Lisa Maxwell,ocox@smith-lee.com,"30059 Gray Villages Apt. 660
Walkerfurt, TN 78343"
713,Jesse Contreras,matthew95@hotmail.com,"5545 Ramirez Fork
Osbornebury, IN 85900"
714,Brianna Williams,norma94@thomas.com,"821 John Street Suite 850
Kaylastad, MI 28955"
715,Scott Gibson,lesliemiller@holt.com,"5865 Ellis Extension Apt. 286
Lake Leslie, NC 63473"
716,Brian Golden,michaelbrooks@hotmail.com,"Unit 3172 Box 2159
DPO AA 62909"
717,Paula Harris,crystallane@curtis.biz,"31812 Denise Skyway Suite 014
North Patriciaport, IA 87229"
718,Virginia Williams,zimmermandouglas@hotmail.com,"685 Melanie Well
Georgeville, PA 43158"
719,Casey Schneider,xchase@petty-pearson.com,"1898 Baird Row
Amyton, MA 03568"
720,Jay White,mcgrathsean@hinton.com,"Unit 0922 Box 2086
DPO AE 31880"
721,April Rodriguez,audreycruz@gmail.com,"USNV Hansen
FPO AE 04519"
722,Julie Martinez,christensenjustin@hotmail.com,"59961 Bennett Station
Michaelbury, WI 01307"
723,Lindsay Garcia,amy07@gmail.com,"6897 Lauren Hill Apt. 052
North Stephanieport, MT 01266"
724,Cheyenne Mitchell,mark27@butler.biz,"82976 Peterson Summit
Sheltonstad, NV 30447"
725,Christy Nolan,nriley@berger.net,"204 Harvey Plain Suite 255
Lake Matthewside, CO 63746"
726,Elizabeth Finley,chelseahancock@gmail.com,"47637 Gilbert Isle
Moorefort, WA 15199"
727,Anthony Wilson,taylorbethany@thompson.net,"563 Danielle Inlet Apt. 177
Harrisshire, NJ 99469"
728,Rachel Blake,jefferythomas@gmail.com,"241 Antonio Square
Adamside, UT 65000"
729,Brian Murray,gkim@yahoo.com,"44985 Sophia Divide
Daviesborough, CO 05380"
730,Angela Mclaughlin,tara28@yahoo.com,"297 Hall Turnpike Suite 870
Jasonview, VA 03008"
731,Jerry Garcia,danprice@young.com,"328 Zachary Heights Apt. 615
Mccallhaven, DE 70708"
732,Nathan Hernandez,udiaz@hughes.net,"Unit 7606 Box 7082
DPO AE 65955"
733,Hannah Stark,lgood@hotmail.com,"7616 Dawson Pass
New Cynthia, TX 97044"
734,Leslie Ellis,susanross@robinson-johnson.biz,"517 Robert Mountains
West Mikeside, MT 42719"
735,Brianna Luna,susanclay@reeves.com,"65468 Kathryn View
Michaelview, SC 06737"
736,Daniel Ramirez,brian07@hotmail.com,"8029 Wesley Fords
Port Scotttown, UT 67872"
737,Sandra Jordan,brianriley@hotmail.com,"6706 Brooks Unions
New Brandonhaven, HI 11213"
738,Lisa Gilbert,smartin@bailey.info,"259 Hunter Wall Suite 751
Barkerbury, AR 11329"
739,Kyle Smith,kflowers@gmail.com,"5274 Ray Row
Port Tina, ME 14689"
740,Brian Luna,claytonjeremy@day.com,"4239 Taylor Meadows Apt. 457
West Brent, HI 68912"
741,Aaron Obrien,munozjennifer@gomez-lawrence.com,"USS Jones
FPO AP 13202"
742,Christopher Long,stoneryan@cline.biz,"4140 Adams Burg Apt. 570
Vaughanmouth, FL 22001"
743,John Obrien,thowell@hendrix.org,"PSC 7874, Box 0306
APO AE 04644"
744,Albert Allen,ricematthew@gmail.com,"508 Kayla Stream Suite 437
Kingshire, WI 24004"
745,Jack Adams,moorerobert@woods.com,"09274 Hayes View Apt. 645
Lake Jeffreyburgh, IN 64024"
746,Kevin Jimenez,ibarber@stewart.net,"79864 Sara Vista Apt. 642
North Ericmouth, WV 38847"
747,Mrs. Elizabeth Garner,kristina81@perez.net,"004 Hawkins Path
Erikaton, RI 02546"
748,John Duke,sandersryan@everett.com,"81015 Tran Springs
New Christopherhaven, ND 77008"
749,Robert Abbott,jenniferprince@gmail.com,"978 Johnston Islands Suite 494
Lake Lisa, MT 02852"
750,Jennifer Gray,cody12@yahoo.com,"0271 David Summit
Jeanville, NC 61187"
751,Andrew Martinez,lauren96@snyder.info,"8560 Knight Wells
North Mariahaven, UT 66622"
752,Abigail Patterson,xreynolds@gmail.com,"USNS Howard
FPO AE 93952"
753,Kelli Lewis,dthomas@smith-best.com,"8151 Cooley Run Suite 745
South Erinburgh, DE 09710"
754,Grant Johnson,corey80@hotmail.com,"436 Taylor Union Suite 330
North Jessicaville, GA 36043"
755,Angela Campbell,munozdonna@gmail.com,"10779 Diane Trail Suite 618
Charlesborough, VA 18792"
756,Michael Gibson,wcoleman@yahoo.com,"45944 Alvarez Flats Suite 138
Brownburgh, KS 64082"
757,Danny Rice,amandaguerrero@rojas.com,"020 Rich Ramp Suite 955
Lisaburgh, TX 58916"
758,Darin Montoya,deancourtney@hotmail.com,"4148 Nelson Corner
New Susan, AK 23773"
759,Wendy Ross,paigejenkins@gmail.com,"011 Lopez Streets
North Billyborough, UT 82382"
760,James Gonzales,darren74@gmail.com,"03321 Russo Center
Lake Mikemouth, MI 81231"
761,Dr. Sarah Arnold,dalemay@richmond-alexander.com,"98843 Pacheco Glen
East Samuelland, NM 88154"
762,Steven Humphrey MD,bbarnes@lewis.com,"USNV Chen
FPO AE 43887"
763,Donald Thomas,marcusschultz@barnes.com,"989 Davenport Radial
Port Timothyport, IA 58213"
764,Danielle Marshall,natashabrown@yahoo.com,"921 Dunn Valleys Apt. 026
East Cindyburgh, CT 01070"
765,Dr. Christian Davis,savila@hotmail.com,"786 Katherine Ways
Hesston, AZ 17630"
766,Dawn Weaver,nguerrero@perez.com,"3839 Kelly Avenue Suite 838
South Vanessabury, NM 01089"
767,Timothy Watkins,hendersoncatherine@lewis-fuentes.com,"5946 Allison Well
Lake Stephanieburgh, AR 52029"
768,Susan Hansen,lleonard@young-wall.com,"15963 Richard View
Port Paul, AL 86073"
769,Natalie Welch,wtaylor@yahoo.com,"2320 Pamela Coves
Craigberg, KY 96169"
770,Sara Smith,castillojacqueline@williams.com,"479 Penny Alley
Lake Madison, TX 29487"
771,Francisco Frey,karen73@hayes.info,"848 Laurie Falls
Lake Nicholas, MN 12864"
772,Billy Gomez,robert28@hotmail.com,"69345 Courtney Divide Suite 635
Leonchester, ID 30810"
773,Thomas Kelly,reynoldsjerry@jones.com,"28926 Michael Mill
Port Theresamouth, MN 55476"
774,Jillian Dunn,charlesheather@huynh.com,"04891 Carolyn Oval
Cathyfurt, TN 82378"
775,Elizabeth Schmidt,zstewart@yahoo.com,"4325 Justin Fort Suite 583
West Kelly, OH 15838"
776,Philip Anderson,kellygomez@yahoo.com,"9329 Jonathan Mountain Suite 715
Brownburgh, NV 35832"
777,Jasmine James,stacy30@savage-morgan.com,"798 Alexander Ways Suite 703
Maryville, WI 49999"
778,Robert Smith,cynthiafranco@ortiz.biz,"848 Gill Heights
Amyshire, MI 61060"
779,Ryan Wheeler,karen69@yahoo.com,"42598 Cole Ferry
South Bridgetland, ND 60102"
780,Sierra Brown,emilyparker@hotmail.com,"34342 Conner Brook Apt. 358
South Nathaniel, AL 43073"
781,Kyle Greene,jrangel@yahoo.com,"3243 Pearson Burgs Apt. 603
Vasquezstad, WV 59439"
782,Katherine Bruce,olong@hotmail.com,"633 Stephanie Gardens
Hicksberg, NV 52654"
783,Randy Smith,murphyrachel@yahoo.com,"64301 Greene Centers
East Katelyn, MN 80497"
784,Ryan Munoz,joseph97@nichols.org,"1041 Sharon Road
New Antonio, IN 41329"
785,Gabriel Brooks,jeremy43@gmail.com,"162 Erin Union Apt. 777
Michaelmouth, IA 37698"
786,Mary Woods,kavila@taylor-gray.com,"3096 Laura Shores Apt. 883
West Emilyville, NJ 92018"
787,Heather Cruz,lowesarah@gmail.com,"29561 Richard Way
Jonesview, MI 57851"
788,Bruce Davis,melvingarza@moran-wilson.com,"45248 Kyle Tunnel
Port Rebecca, GA 80145"
789,Bethany Marsh,tina52@hotmail.com,"3309 Richard Place Suite 614
South Adam, IN 70993"
790,Cindy Howard,robertsbenjamin@fields.com,"04966 Oliver Light
North Michaelland, WI 69664"
791,Amanda Howard,james74@davis.biz,"658 Macdonald Overpass
Perezfurt, NH 70415"
792,Daniel Horton,emacdonald@morris.com,"912 Julie Crossroad Suite 321
Taylorville, VA 21733"
793,Michael Gonzales,brockgabriel@hotmail.com,"35741 Nancy Highway
New Daniel, IA 64205"
794,Steven Reeves,smurphy@martinez.com,"8317 Miller Lodge
North James, NM 18205"
795,Timothy Cruz,catherinezimmerman@hotmail.com,"45040 Nelson Centers
Smithfort, NM 55288"
796,Joseph Levy,colemankayla@hess-mays.com,"9909 Scott Passage
Lake Deborah, FL 43213"
797,Tamara Sims,ijohnson@burke-rodriguez.com,"30020 Watson Hill Apt. 066
West Timothytown, WY 67242"
798,Jasmine Myers,scottharvey@sanchez-ferrell.biz,"253 Chad Light
New Donnafurt, KS 52719"
799,David Evans,mccoydeanna@gmail.com,"0020 Alexander Islands Suite 014
Harrisville, MD 30142"
800,Alexander Robinson,goodwintara@warner.com,"803 Ronald Crescent Suite 610
Estradaview, ID 61810"
801,Kristen Atkinson,robertmack@willis.info,"22928 Adam Prairie Apt. 810
Donnabury, VT 83763"
802,Daniel Shelton,kennethgarza@benson-wade.com,"16239 Michael Station Suite 159
Lake Derek, SD 71218"
803,Thomas Gross,navarrojacob@hotmail.com,"98671 Martinez Island
Nathanport, VT 95696"
804,John Wilson,blankenshipjeffery@gmail.com,"Unit 7921 Box 7553
DPO AE 82095"
805,Marvin Richardson,qlopez@elliott.com,"Unit 4560 Box 3354
DPO AA 25652"
806,Robert Smith,lisaperez@yang-murphy.com,"5182 Shaffer Union
Edwardfort, PA 02980"
807,Matthew Cervantes,ugrant@davis.org,"20521 Martin Fall Suite 754
Lake Isabel, MI 26859"
808,Meghan Spencer,zachary97@gmail.com,"USNV West
FPO AP 55800"
809,Jamie Mitchell,btaylor@beck.com,"076 Hamilton Green
Craigberg, DC 92373"
810,Carolyn Hardin DDS,garythomas@davidson.org,"Unit 1776 Box 2758
DPO AA 32640"
811,Lauren Edwards,pcampbell@hotmail.com,"83146 Higgins Lodge Suite 411
North Megan, KS 93374"
812,Courtney Neal,smithdanielle@mclean-nixon.com,"81851 Bell Mountain
Lake Karen, IA 76300"
813,Vanessa Rodriguez,larsenjames@gmail.com,"25295 Davis Highway
Brewerside, ID 43012"
814,Joshua Riley,daltonbush@brown.com,"1878 Barnes Avenue Apt. 049
East Matthewmouth, MI 21129"
815,Michael Ryan,qgarcia@morales-perez.biz,"617 Terry Centers
Port Caleb, TX 07044"
816,Victoria Doyle,robertholden@yahoo.com,"554 Jones Plain
West Alex, WV 07750"
817,Bryan Mullins,kmahoney@hernandez.biz,"8793 Ortiz Inlet Apt. 248
Port Timothyhaven, WY 75093"
818,Dr. Troy Smith,justingraham@davis-salas.com,"6622 Collins Groves
Lake Jaclyn, UT 95777"
819,Micheal Freeman,david76@gmail.com,"9618 Lori Drives
Lake Joseph, DC 27596"
820,Julie Sharp,johncastro@yahoo.com,"0175 Vega Plaza Suite 847
Timothyburgh, MA 97849"
821,Manuel Thomas,frank04@yahoo.com,"418 Andrew Parks
Deborahport, ID 77343"
822,Russell Lewis,harrelljeremy@yahoo.com,"35831 Renee Crossing Suite 523
South Kayla, IA 30635"
823,Gabriel Gonzalez,zhenderson@cook.org,"787 Green Union
Martinfort, WI 92877"
824,Frank Morrow,ashley83@hotmail.com,"55424 Clark Courts Suite 771
North Heather, NM 62855"
825,Frederick Webb,kathleenarmstrong@yahoo.com,"7763 Smith Ranch
Bethfurt, IN 56510"
826,Brian Ferguson,tanner05@gmail.com,"6201 Katherine Estate
Ballardport, NM 14913"
827,David Lamb,edwardmiller@taylor.com,"280 Claudia Ports Suite 923
East Stevenview, CT 08244"
828,David Nichols,afrazier@combs.com,"0937 Jessica Gateway
East Johnborough, SD 67937"
829,Thomas Brown,emily44@collins-gonzalez.com,"784 Holmes Place Apt. 379
Port Charlesport, AL 91377"
830,Ronald White,anita92@scott.com,"51659 King Turnpike Suite 790
South Ashleyton, OH 25944"
831,Michelle Davis,danielmills@gmail.com,"79881 Christopher Bypass Apt. 213
Joeltown, FL 87475"
832,Scott Lee,mark41@gmail.com,"238 Anne Fords
Hodgesfort, KY 04614"
833,Veronica Barnett,thompsonjennifer@rodriguez-wright.com,"253 Leslie Port
Lisaland, SD 68911"
834,Melissa Hurley,whunt@yahoo.com,"901 Jones Port Apt. 776
Karastad, TX 01952"
835,James Nunez,lindsaygray@gmail.com,"540 Brenda Roads
Lake Danielmouth, MD 58282"
836,Brian Cohen,juliepennington@gmail.com,"706 Knox Mountains
Grantstad, MA 63064"
837,Katherine Rodriguez,brandi65@gmail.com,"878 Lori Estates Suite 974
Maryfurt, MS 11470"
838,Patrick Johnson,urobinson@hotmail.com,"47844 Emily Spur Suite 850
East Elizabethfort, NV 76126"
839,Abigail Palmer,hbyrd@gmail.com,"706 Roberta Cliff Apt. 852
East Leslie, TX 35167"
840,Tim Gonzalez,jbowers@gmail.com,"70006 Elizabeth Station
East Jason, MI 06682"
841,John Cunningham,qmiller@gmail.com,"0595 Sean Courts
Floresborough, NJ 60478"
842,Darren Martin,reesetravis@hotmail.com,"6870 Charlene Walks
Jasonfurt, IL 51743"
843,Connie Rodriguez,kwallace@howard.com,"393 Henderson Lights
Lake Timothyport, NC 03966"
844,Jason Allen,campbellstacy@paul-williams.com,"66266 Rachel Street
Port William, IL 02765"
845,Mrs. Gabrielle Anderson DDS,smithjoshua@barnett-espinoza.org,"581 Brandon Keys Apt. 404
New Maryshire, NH 14713"
846,Christopher Graham,gordonleslie@gmail.com,"026 Thomas Islands
Lake Joshuamouth, SC 68886"
847,Alexander White,cwilkinson@gmail.com,"58902 Kristen Ports Suite 665
Lake Matthew, KS 36776"
848,Michael Meyer,william61@hotmail.com,"2533 Burke Vista Apt. 960
Cherylbury, DC 41550"
849,Nathan Hall,pricedavid@hotmail.com,"664 Suzanne Squares
South Jessica, IN 70125"
850,Dawn Richardson,berryconnie@nelson.com,"4415 Colleen Springs
South Jessica, MI 15416"
851,April Powers,iberry@anderson.com,"2879 Brittany Pike
Foxhaven, ID 47082"
852,Mary Henry,ballrobert@taylor.com,"02585 Wright Streets Apt. 553
Jimenezview, HI 74315"
853,David Rice,hramirez@hall-powell.com,"6962 Kevin Plaza
Dylanview, LA 49800"
854,Robert Johnson,qhammond@miles-brown.com,"41722 Cory Plaza Apt. 804
Howardtown, GA 43123"
855,Robert Montoya,qmercer@kennedy.biz,"110 George Club Apt. 731
Lake Ethan, KY 64589"
856,Lisa Chan,marydavis@browning.info,"1311 Joshua Island
Finleyview, TN 12898"
857,Mary Montgomery,wisewilliam@hill-decker.com,"7346 Daniel Lodge Suite 629
South Rebecca, DE 09553"
858,Alexandria Rangel,jasonbanks@hicks-thomas.com,"4354 Ashley Locks Suite 792
North Christopher, NY 40611"
859,Mr. Ryan Johnson,kaylaschneider@horton.com,"49077 Daniels Field Suite 229
Mendozaview, MA 75502"
860,Emma Rubio,christinebridges@robertson-orozco.org,"837 Benjamin Ford Apt. 577
Jacksonview, WV 61016"
861,Tracy Wood,suedavis@hernandez.biz,"60376 Cheryl Skyway
New Angela, TX 12864"
862,Sara Holt,fisherspencer@gmail.com,"975 Dale Junctions Apt. 261
Cindychester, NE 68268"
863,Alan Maldonado,shawnmyers@gmail.com,"7967 William Shoals Suite 560
Stephaniefort, SD 19068"
864,Jennifer Stevens,phenry@parker.com,"Unit 8846 Box 0377
DPO AP 60775"
865,Jacob Grant,mia87@yahoo.com,"4664 Eric Fall Apt. 777
Barronmouth, HI 01760"
866,Michael Campbell,hillkimberly@gmail.com,"6149 Alison Place Suite 355
Aaronmouth, NY 10230"
867,John Lopez,wagnerjeremy@gmail.com,"7255 Ernest Coves
South Andreaberg, MT 32600"
868,Eric Werner,dana93@gmail.com,"5057 Wilson Extensions Suite 637
Jennaville, WA 70220"
869,Matthew Wilson,richard98@yahoo.com,"489 Trujillo Isle
West Samantha, MI 27825"
870,Cameron Duran,thomas79@gamble.com,"549 Flores Grove
Taylorberg, ME 19758"
871,Jessica Braun,bergerjason@fisher-murphy.com,"35206 Lee Meadow Apt. 378
Cherylland, WI 92564"
872,Jessica Nguyen,matthewbutler@yahoo.com,"738 Cox Hill Apt. 192
Ericstad, SD 63261"
873,Michelle Bowers,johnperry@hotmail.com,"PSC 3775, Box 5002
APO AA 37840"
874,Karen Carrillo,brian93@alvarado-porter.info,"099 Christina Villages
New Meganview, MO 59218"
875,Brandon Kennedy,jaimemaldonado@yahoo.com,"78256 Salazar Circle Apt. 775
Carriestad, FL 68151"
876,Deborah Jones,lisagarcia@hotmail.com,"5675 Fox Ford Apt. 865
West Alexismouth, MI 29361"
877,Cathy Smith,brandonwolfe@yahoo.com,"91575 Johnson Common
Lake Charles, OK 09205"
878,Kayla Ward,xwillis@hotmail.com,"PSC 9797, Box 5134
APO AA 90881"
879,Barbara Malone,latashaosborne@miller-morris.biz,"905 Amy Alley Suite 099
West Richardchester, PA 85437"
880,David Cox,tlopez@gmail.com,"574 Willis Crest Apt. 942
West Kevin, FL 15238"
881,Kathy Cole,othompson@hebert.com,"061 Christopher Lodge Suite 362
Gonzalezbury, RI 80640"
882,Thomas Johnson,sgalvan@martin.com,"704 Crystal Trail Apt. 847
North Wendy, TX 52834"
883,Dr. Thomas Gardner,pcarter@gmail.com,"81554 Harris Manor Suite 775
Ericborough, IN 02840"
884,Jeremy Thomas,angeladominguez@yahoo.com,"665 Diane Valleys
East Hannah, SC 81833"
885,Courtney Garcia,pvance@yahoo.com,"USNV King
FPO AP 93609"
886,Cameron Fletcher,reyescarla@hunt.biz,"USNV Watkins
FPO AP 01043"
887,Robert Glass,nbrown@gmail.com,"15545 Brian Land
Williamfurt, WA 16709"
888,Justin Acosta,osmith@gmail.com,"7515 John Club Apt. 082
Amyland, MO 87609"
889,Dr. Amanda Rios,rscott@yahoo.com,"87747 Hall Inlet
Lake Kyletown, MS 10738"
890,Kristin Ford,jacob21@gmail.com,"9977 Williams Square
North Brian, NE 21860"
891,Dana Patterson,hintonjames@gmail.com,"71507 Jason Stream
Rodriguezstad, OK 52783"
892,Donna Trujillo,bthornton@yahoo.com,"992 Danielle Squares
Robbinsborough, IA 46654"
893,Crystal Davis,jennifer17@gmail.com,"78483 Lisa Prairie
Douglasfurt, NE 89517"
894,Destiny Gray,jessica51@gmail.com,"368 Sharon Tunnel Apt. 700
Lake Sarahview, SC 48955"
895,Mary Blankenship,april97@beard.com,"66104 Mason Estates
Calebview, ND 55403"
896,Natasha Campbell,martincynthia@hotmail.com,"162 Erika Circle Apt. 271
Amychester, MI 03903"
897,David Wood,jessepaul@gmail.com,"94816 Matthews Summit
Figueroastad, ND 82955"
898,Rachel Parrish,hdiaz@russell.net,"8002 Christopher Street
Joseville, GA 64367"
899,Kayla Lewis,garymurray@morrison.com,"120 Sally Glen Apt. 834
Courtneyville, TX 51582"
900,Dr. Ashley Stephens,virginia21@hotmail.com,"78964 Derek Knoll Apt. 438
Jessicaburgh, MO 42137"
901,Steven Wilkins,judithwaters@smith-oneill.com,"1513 Dylan Shore Apt. 624
Port Justin, NC 95939"
902,Thomas Gilmore,brandy16@gmail.com,"PSC 3215, Box 7633
APO AE 23965"
903,Cheryl Hutchinson,stephanie41@moyer-shaffer.org,"665 Geoffrey Hills Apt. 770
Cruzstad, WI 22981"
904,Brenda Hampton,johnsonashley@alvarado-powers.biz,"57303 Malone Way Apt. 111
New James, SC 07379"
905,Tyler Johnston,jeffrey18@yahoo.com,"2622 Traci Branch
Port Crystal, DE 06402"
906,Melinda Lam,warrenmark@hotmail.com,"0390 Jennifer Ports
Lake Stevenbury, NE 80704"
907,Samantha James,joshuafisher@yahoo.com,"46237 Morgan Vista Apt. 270
East Nicholasmouth, OR 07549"
908,Russell Riley,maryrobinson@gmail.com,"PSC 7280, Box 5586
APO AE 93868"
909,Matthew Johnson,thomascook@bryant-stewart.biz,"40979 Kayla Village
West Christopher, AL 80920"
910,Jesse Meyer,barry70@campbell.org,"2121 Eric River Suite 068
Clarkmouth, WY 71801"
911,Meghan Moore,audreypowell@torres-lopez.com,"PSC 7295, Box 2472
APO AA 25135"
912,Deborah Price,kwilliams@hotmail.com,"465 Matthew Rest Apt. 732
Port Tammie, MA 12873"
913,Gerald Rios,qhess@thomas.com,"8176 Amy Shoals
Banksside, RI 65112"
914,Tara Harrell,phopkins@hotmail.com,"0904 Scott Tunnel
Floreston, PA 61165"
915,Caitlin Woodard,griffithkatelyn@hotmail.com,"908 Vasquez Stravenue
Murraymouth, MS 77240"
916,Alexis Gordon,cbarnett@ford.com,"273 Burton Loop Suite 553
South Carlyville, ND 08339"
917,Leslie Cummings,haley23@gmail.com,"101 Flores Underpass Apt. 175
Charlesmouth, NC 47527"
918,Norma Brown,norman53@best.com,"149 Abigail Flat
Smithton, CA 10824"
919,Jerry Sanchez,arthurmarshall@hill.com,"94003 Jessica Stream
New Calebmouth, CA 77749"
920,Stephanie Kerr,michellejackson@gmail.com,"868 Mccall Trail
Campbellland, CO 67020"
921,Dr. Clayton Smith,alfred27@sherman.info,"663 Taylor Inlet
Brandonview, WI 65979"
922,Walter Carter,jhall@beck.com,"7918 Tamara Curve
Averyport, OR 73949"
923,Sandra Jacobson,dawn19@jacobs.com,"848 Raymond Mill Suite 286
Michelleton, WA 76293"
924,Oscar Perry,simpsonchristopher@hotmail.com,"816 Benjamin Mill
Lisaview, NJ 43798"
925,Amy Brown,harriskevin@yahoo.com,"0551 Rodriguez Station
Jenniferstad, TX 46517"
926,Kevin Morales,gwalker@gmail.com,"PSC 8513, Box 3293
APO AP 19063"
927,Todd Morrison,torresdaniel@gmail.com,"7512 John Village Suite 575
Thomasborough, NJ 93327"
928,Olivia Cowan,turnerbriana@hurley-navarro.net,"365 Marshall Extensions Suite 190
Port Wendy, AZ 20105"
929,John Rasmussen,melanie38@gmail.com,"76632 Mitchell Shores Suite 335
Robertbury, GA 08523"
930,Michael Medina,gilberthector@smith.com,"052 Nguyen Extensions Suite 598
Evansbury, OH 76775"
931,Brandy Daniel,wuchristopher@hotmail.com,"627 Corey Creek Apt. 877
Lake Frankstad, HI 84560"
932,Austin Morton,jessicakim@gmail.com,"046 Theresa Streets Apt. 917
Juliemouth, NE 03807"
933,Ruben Rodriguez,margaretknapp@hotmail.com,"68826 Thompson Mills
Port Annafort, OR 96218"
934,Erica Mathews,danielpierce@diaz.com,"04325 Miranda Motorway Suite 423
West Evelynbury, WV 39803"
935,Amy Allen,fordlaura@santiago.com,"47296 Knox Lock Apt. 251
East Laurenshire, ND 71903"
936,Zachary Matthews,adamsgail@santiago.info,"451 Hall Drive
Mcdonaldberg, MT 35609"
937,Briana Jordan,carriesanchez@carter.com,"251 Stephanie Glens Suite 878
South Ryanport, WY 69195"
938,Joshua Smith,slindsey@garcia.info,"791 Benjamin Landing
West Timothy, NC 64791"
939,Rebecca Smith,yedwards@gmail.com,"4538 Anderson Junction
North Elizabethtown, VT 98516"
940,Jennifer Turner,lzuniga@yahoo.com,"1180 Gill Roads
Nicoleville, ID 97543"
941,Megan Rhodes,fgarcia@yahoo.com,"2165 Carrie Meadow
South Tamara, MT 54597"
942,Charlene Smith,rdavis@gmail.com,"480 Nguyen Lakes
Rodriguezfurt, WY 92690"
943,Dalton Brady,garciamorgan@yahoo.com,"05470 Hernandez Plains Apt. 520
Wrightberg, IA 56808"
944,Dr. Nicholas Kim,jshaw@adams-miller.org,"63696 Julie Ridges Suite 865
Brittneyland, ME 20767"
945,Robert Lee,moorechad@yahoo.com,"6460 Paige Centers Suite 239
Robertport, VA 71183"
946,Connie Underwood,martinkimberly@smith.com,"0290 Christopher Fork
Samanthashire, KS 26518"
947,Allison Wallace,ywhitaker@holland.info,"3524 Trujillo Summit
North Jonathan, VT 95644"
948,Gabrielle Flores,xlee@gmail.com,"96182 Thomas Highway Apt. 587
Robertsstad, ND 19928"
949,Brian Martin,brussell@gmail.com,"493 Jessica Camp
Hoffmanhaven, TN 05891"
950,Vincent Hernandez,stephen58@richards-drake.com,"3335 Andrea Islands Suite 568
Port Nicholasberg, TX 66058"
951,Kevin Warren,michaelrobinson@gmail.com,"66977 Thompson Loop Apt. 372
Abigailport, ID 49577"
952,Emily Fernandez,gnunez@gmail.com,"66766 Todd Inlet Apt. 128
Victorhaven, MN 25662"
953,Amber Cook,shelbyorozco@russo-merritt.net,"770 Crystal Plain Suite 518
West Nataliebury, ME 07394"
954,Randy Johnson,ryan65@yahoo.com,"9168 Stone Loaf
Brianview, NV 21853"
955,Brian Gray,hgill@hotmail.com,"6662 Keith Track
North Teresa, ID 68371"
956,Brenda Thomas,laurenwu@gmail.com,"851 Paula Drive
Lake Jasonbury, TN 38545"
957,John Lin,christinelyons@jones-owen.com,"671 Hubbard Park
South William, WY 46336"
958,Jacob Cabrera,jerry11@gmail.com,"758 Beasley Lights Apt. 988
Lake Kimberlyland, WI 81649"
959,Christian Landry,kyle44@hotmail.com,"39804 Tracie Walk Suite 223
Smithhaven, WY 41167"
960,Jason Lloyd,sanchezangela@hayes-hanson.com,"83983 Macdonald Orchard
Isabelside, RI 02424"
961,Calvin Stewart,jmontoya@hotmail.com,"878 Fisher Drive Suite 388
Ramirezfort, AZ 20984"
962,Elizabeth Johnson,bortiz@walters-gill.net,"Unit 8341 Box 4876
DPO AP 10565"
963,Christine Christian,stokesalejandra@rodgers-mills.net,"3246 Ronald Cliff
North Jason, WV 54306"
964,Susan Taylor,brian59@chavez-johnson.net,"489 Kendra Pine Apt. 995
Michaelton, WI 19092"
965,Steven Malone,christopher34@gmail.com,"75534 Snyder Radial
Yatesview, ND 37342"
966,Anthony Garner,christyparker@gmail.com,"49240 Tiffany Groves Apt. 979
West Patricia, HI 70856"
967,Christian Matthews,gonzalessean@gmail.com,"9164 William Summit Apt. 549
Port Gwendolynbury, MI 45135"
968,Shelley Roth,barrettbrandon@yahoo.com,"Unit 0304 Box 2842
DPO AE 42488"
969,Paige Peterson,bryantlauren@chen.com,"46196 Estrada Road Suite 529
North Yeseniashire, IL 04294"
970,Vincent Hernandez,dalegriffin@marshall.com,"9762 Joshua Square Suite 891
Michaelborough, KY 23583"
971,Regina Underwood,sarahpowell@mendez-parrish.com,"USS Palmer
FPO AA 66820"
972,Dana Gonzales,bfranklin@gmail.com,"924 James Knoll
Woodsmouth, ID 19300"
973,Mary Moore,susansingleton@callahan.com,"9167 Nicole Summit
Jefferyberg, CT 55836"
974,Mary Gross,ballnancy@hotmail.com,"903 Judith Bridge
Davisborough, UT 06858"
975,Marcus Taylor,delgadojulie@yahoo.com,"613 Charles Brooks
North Jimmy, NE 85310"
976,Tristan Burgess,bakerdebra@white.com,"750 Lori Station Suite 525
West Tonyside, OH 88378"
977,Jeffrey Briggs,cjohnson@hotmail.com,"4319 Jennifer Center Suite 527
Port Holly, AR 09671"
978,Jeff Sanders,millerrebecca@yahoo.com,"PSC 4761, Box 6726
APO AA 29104"
979,Christina Stewart,jsantos@gmail.com,"74971 Lee Islands
Port Markland, RI 93467"
980,Christopher Lewis,cynthia34@valenzuela.com,"7202 Watkins Meadow
South Kristin, MA 51651"
981,Charles Bell,denise93@gmail.com,"9780 Aaron Locks
Lopezland, WY 89518"
982,Joshua Johnson MD,dennis86@king-browning.org,"41657 Orr Estate
Velazquezton, IA 78957"
983,Sheena Saunders,lopezjack@henry.com,"54019 Brian Mount Apt. 489
New Christophershire, CT 64990"
984,Sara Arnold,debra08@lopez.biz,"071 Carr Square Suite 797
Collinsside, GA 42430"
985,Lisa Randall,moorealejandro@gmail.com,"7250 Sandra Trafficway Suite 525
Zimmermanborough, SC 07314"
986,Brianna Martinez,darrylparker@gmail.com,"506 Thompson Shores Suite 307
Howardborough, NV 99838"
987,Adam Quinn,aaron62@bonilla-schultz.org,"USNS Duffy
FPO AP 64571"
988,Scott Henderson,floreskatie@mendez.com,"68457 Hudson Cape
Moorestad, AL 45964"
989,Daniel Edwards,dhill@harding-terrell.com,"1363 Williams Meadow
Lake Brittanyview, MN 07981"
990,Carla Mcintyre MD,stephen02@meadows.com,"933 Holmes Streets Suite 767
East Michaelstad, SD 19437"
991,Dylan Gomez,dannylewis@white.com,"23471 Snyder Common
Lake Ryan, LA 51698"
992,Amber Powers,heatherkeller@gmail.com,"42145 Kyle Flat
Jonesland, ID 80634"
993,Joel Hoffman,qscott@garcia-hernandez.com,"6575 Bender Locks
Port Tracy, AK 18938"
994,Bobby Arnold,melindamurray@reeves.com,"48179 John Forges
Davidmouth, VA 79843"
995,Stephen Bowman,xruiz@hotmail.com,"566 Taylor Green
Youngstad, AR 78408"
996,Willie Smith,martin08@lewis.com,"328 Tammy Island Suite 781
Leeport, WV 54223"
997,Michael Torres,ubarton@booth.org,"8125 Lawrence Plain Apt. 825
Manuelhaven, WA 56445"
998,Patrick Stewart,davisjames@hotmail.com,"PSC 1943, Box 0381
APO AE 30715"
999,Nathan Mccarty,latoya71@gmail.com,"710 Campbell Spur
New Susanstad, MA 64682"
1000,Tony Valenzuela,xjohnson@gmail.com,"758 Gardner Fall
Joshualand, WY 23693"
